PR,URL,Title,Content type,Is rendered page,HTTP status code,Organic traffic,Referenced in sitemaps,No. of href inlinks,No. of redirect inlinks,No. of canonical inlinks,No. of hreflang inlinks,No. of pagination inlinks,No. of CSS inlinks,No. of IMG inlinks,No. of JS inlinks
20,https://cost-smart-five.vercel.app/solar-roi/visakhapatnam,Solar ROI Calculator for Visakhapatnam - Is it Worth it in 2025?,text/html; charset=utf-8,false,200,0,https://cost-smart-five.vercel.app/sitemap.xml,0,0,0,0,0,0,0,0
20,https://cost-smart-five.vercel.app/solar-roi/jodhpur/500,Solar ROI for 500 sq ft Roof in Jodhpur - Detailed Report,text/html; charset=utf-8,false,200,0,https://cost-smart-five.vercel.app/sitemap.xml,0,0,0,0,0,0,0,0
20,https://cost-smart-five.vercel.app/solar-roi/kanpur,Solar ROI Calculator for Kanpur - Is it Worth it in 2025?,text/html; charset=utf-8,false,200,0,https://cost-smart-five.vercel.app/sitemap.xml,0,0,0,0,0,0,0,0
20,https://cost-smart-five.vercel.app/solar-roi/budget/200000,"Solar System for ₹200,000 Budget - ROI & Capacity",text/html; charset=utf-8,false,200,0,https://cost-smart-five.vercel.app/sitemap.xml,0,0,0,0,0,0,0,0
20,https://cost-smart-five.vercel.app/solar-roi/howrah/3000,Solar ROI for 3000 sq ft Roof in Howrah - Detailed Report,text/html; charset=utf-8,false,200,0,https://cost-smart-five.vercel.app/sitemap.xml,0,0,0,0,0,0,0,0
20,https://cost-smart-five.vercel.app/solar-roi/jodhpur/1500,Solar ROI for 1500 sq ft Roof in Jodhpur - Detailed Report,text/html; charset=utf-8,false,200,0,https://cost-smart-five.vercel.app/sitemap.xml,0,0,0,0,0,0,0,0
20,https://cost-smart-five.vercel.app/solar-roi/indore/500,Solar ROI for 500 sq ft Roof in Indore - Detailed Report,text/html; charset=utf-8,false,200,0,https://cost-smart-five.vercel.app/sitemap.xml,0,0,0,0,0,0,0,0
20,https://cost-smart-five.vercel.app/solar-roi/amritsar/3000,Solar ROI for 3000 sq ft Roof in Amritsar - Detailed Report,text/html; charset=utf-8,false,200,0,https://cost-smart-five.vercel.app/sitemap.xml,0,0,0,0,0,0,0,0
20,https://cost-smart-five.vercel.app/solar-roi/kanpur/5000,Solar ROI for 5000 sq ft Roof in Kanpur - Detailed Report,text/html; charset=utf-8,false,200,0,https://cost-smart-five.vercel.app/sitemap.xml,0,0,0,0,0,0,0,0
20,https://cost-smart-five.vercel.app/solar-roi/ranchi/2000,Solar ROI for 2000 sq ft Roof in Ranchi - Detailed Report,text/html; charset=utf-8,false,200,0,https://cost-smart-five.vercel.app/sitemap.xml,0,0,0,0,0,0,0,0
20,https://cost-smart-five.vercel.app/solar-roi/jodhpur,Solar ROI Calculator for Jodhpur - Is it Worth it in 2025?,text/html; charset=utf-8,false,200,0,https://cost-smart-five.vercel.app/sitemap.xml,0,0,0,0,0,0,0,0
20,https://cost-smart-five.vercel.app/solar-roi/allahabad/3000,Solar ROI for 3000 sq ft Roof in Allahabad - Detailed Report,text/html; charset=utf-8,false,200,0,https://cost-smart-five.vercel.app/sitemap.xml,0,0,0,0,0,0,0,0
20,https://cost-smart-five.vercel.app/solar-roi/vs/coal,Solar vs Coal - Which is Cheaper? | Cost Comparison,text/html; charset=utf-8,false,200,0,https://cost-smart-five.vercel.app/sitemap.xml,0,0,0,0,0,0,0,0
20,https://cost-smart-five.vercel.app/solar-roi/ghaziabad/3000,Solar ROI for 3000 sq ft Roof in Ghaziabad - Detailed Report,text/html; charset=utf-8,false,200,0,https://cost-smart-five.vercel.app/sitemap.xml,0,0,0,0,0,0,0,0
20,https://cost-smart-five.vercel.app/blog/ultimate-guide-loan-emi,Ultimate Guide to Loan EMI Calculation | CostSmart,text/html; charset=utf-8,false,200,0,https://cost-smart-five.vercel.app/sitemap.xml,0,0,0,0,0,0,0,0
20,https://cost-smart-five.vercel.app/solar-roi/nagpur/1500,Solar ROI for 1500 sq ft Roof in Nagpur - Detailed Report,text/html; charset=utf-8,false,200,0,https://cost-smart-five.vercel.app/sitemap.xml,0,0,0,0,0,0,0,0
20,https://cost-smart-five.vercel.app/solar-roi/ghaziabad/5000,Solar ROI for 5000 sq ft Roof in Ghaziabad - Detailed Report,text/html; charset=utf-8,false,200,0,https://cost-smart-five.vercel.app/sitemap.xml,0,0,0,0,0,0,0,0
20,https://cost-smart-five.vercel.app/solar-roi/vadodara/1000,Solar ROI for 1000 sq ft Roof in Vadodara - Detailed Report,text/html; charset=utf-8,false,200,0,https://cost-smart-five.vercel.app/sitemap.xml,0,0,0,0,0,0,0,0
20,https://cost-smart-five.vercel.app/solar-roi/kota/500,Solar ROI for 500 sq ft Roof in Kota - Detailed Report,text/html; charset=utf-8,false,200,0,https://cost-smart-five.vercel.app/sitemap.xml,0,0,0,0,0,0,0,0
20,https://cost-smart-five.vercel.app/blog/ultimate-guide-net-gst-payable,Ultimate Guide to Net GST Payable Calculation | CostSmart,text/html; charset=utf-8,false,200,0,https://cost-smart-five.vercel.app/sitemap.xml,0,0,0,0,0,0,0,0
20,https://cost-smart-five.vercel.app/solar-roi/hyderabad/1500,Solar ROI for 1500 sq ft Roof in Hyderabad - Detailed Report,text/html; charset=utf-8,false,200,0,https://cost-smart-five.vercel.app/sitemap.xml,0,0,0,0,0,0,0,0
20,https://cost-smart-five.vercel.app/solar-roi/jaipur/1000,Solar ROI for 1000 sq ft Roof in Jaipur - Detailed Report,text/html; charset=utf-8,false,200,0,https://cost-smart-five.vercel.app/sitemap.xml,0,0,0,0,0,0,0,0
20,https://cost-smart-five.vercel.app/blog/ultimate-guide-currency-exchange,Ultimate Guide to Currency Exchange Calculation | CostSmart,text/html; charset=utf-8,false,200,0,https://cost-smart-five.vercel.app/sitemap.xml,0,0,0,0,0,0,0,0
20,https://cost-smart-five.vercel.app/solar-roi/amritsar/2000,Solar ROI for 2000 sq ft Roof in Amritsar - Detailed Report,text/html; charset=utf-8,false,200,0,https://cost-smart-five.vercel.app/sitemap.xml,0,0,0,0,0,0,0,0
20,https://cost-smart-five.vercel.app/solar-roi/gwalior/500,Solar ROI for 500 sq ft Roof in Gwalior - Detailed Report,text/html; charset=utf-8,false,200,0,https://cost-smart-five.vercel.app/sitemap.xml,0,0,0,0,0,0,0,0
20,https://cost-smart-five.vercel.app/solar-roi/kalyan/1500,Solar ROI for 1500 sq ft Roof in Kalyan-Dombivli - Detailed Report,text/html; charset=utf-8,false,200,0,https://cost-smart-five.vercel.app/sitemap.xml,0,0,0,0,0,0,0,0
20,https://cost-smart-five.vercel.app/solar-roi/srinagar/500,Solar ROI for 500 sq ft Roof in Srinagar - Detailed Report,text/html; charset=utf-8,false,200,0,https://cost-smart-five.vercel.app/sitemap.xml,0,0,0,0,0,0,0,0
20,https://cost-smart-five.vercel.app/solar-roi/vs/wind,Solar vs Wind - Which is Cheaper? | Cost Comparison,text/html; charset=utf-8,false,200,0,https://cost-smart-five.vercel.app/sitemap.xml,0,0,0,0,0,0,0,0
20,https://cost-smart-five.vercel.app/solar-roi/bhopal/3000,Solar ROI for 3000 sq ft Roof in Bhopal - Detailed Report,text/html; charset=utf-8,false,200,0,https://cost-smart-five.vercel.app/sitemap.xml,0,0,0,0,0,0,0,0
20,https://cost-smart-five.vercel.app/solar-roi/dhanbad/5000,Solar ROI for 5000 sq ft Roof in Dhanbad - Detailed Report,text/html; charset=utf-8,false,200,0,https://cost-smart-five.vercel.app/sitemap.xml,0,0,0,0,0,0,0,0
20,https://cost-smart-five.vercel.app/solar-roi/meerut/5000,Solar ROI for 5000 sq ft Roof in Meerut - Detailed Report,text/html; charset=utf-8,false,200,0,https://cost-smart-five.vercel.app/sitemap.xml,0,0,0,0,0,0,0,0
20,https://cost-smart-five.vercel.app/solar-roi/rajkot/3000,Solar ROI for 3000 sq ft Roof in Rajkot - Detailed Report,text/html; charset=utf-8,false,200,0,https://cost-smart-five.vercel.app/sitemap.xml,0,0,0,0,0,0,0,0
20,https://cost-smart-five.vercel.app/solar-roi/lucknow/2000,Solar ROI for 2000 sq ft Roof in Lucknow - Detailed Report,text/html; charset=utf-8,false,200,0,https://cost-smart-five.vercel.app/sitemap.xml,0,0,0,0,0,0,0,0
20,https://cost-smart-five.vercel.app/solar-roi/thane/5000,Solar ROI for 5000 sq ft Roof in Thane - Detailed Report,text/html; charset=utf-8,false,200,0,https://cost-smart-five.vercel.app/sitemap.xml,0,0,0,0,0,0,0,0
20,https://cost-smart-five.vercel.app/solar-roi/lucknow,Solar ROI Calculator for Lucknow - Is it Worth it in 2025?,text/html; charset=utf-8,false,200,0,https://cost-smart-five.vercel.app/sitemap.xml,0,0,0,0,0,0,0,0
20,https://cost-smart-five.vercel.app/solar-roi/howrah/500,Solar ROI for 500 sq ft Roof in Howrah - Detailed Report,text/html; charset=utf-8,false,200,0,https://cost-smart-five.vercel.app/sitemap.xml,0,0,0,0,0,0,0,0
20,https://cost-smart-five.vercel.app/solar-roi/madurai/1500,Solar ROI for 1500 sq ft Roof in Madurai - Detailed Report,text/html; charset=utf-8,false,200,0,https://cost-smart-five.vercel.app/sitemap.xml,0,0,0,0,0,0,0,0
20,https://cost-smart-five.vercel.app/solar-roi/patna/3000,Solar ROI for 3000 sq ft Roof in Patna - Detailed Report,text/html; charset=utf-8,false,200,0,https://cost-smart-five.vercel.app/sitemap.xml,0,0,0,0,0,0,0,0
20,https://cost-smart-five.vercel.app/solar-roi/lucknow/1500,Solar ROI for 1500 sq ft Roof in Lucknow - Detailed Report,text/html; charset=utf-8,false,200,0,https://cost-smart-five.vercel.app/sitemap.xml,0,0,0,0,0,0,0,0
20,https://cost-smart-five.vercel.app/solar-roi/jaipur/500,Solar ROI for 500 sq ft Roof in Jaipur - Detailed Report,text/html; charset=utf-8,false,200,0,https://cost-smart-five.vercel.app/sitemap.xml,0,0,0,0,0,0,0,0
20,https://cost-smart-five.vercel.app/solar-roi/kota/2000,Solar ROI for 2000 sq ft Roof in Kota - Detailed Report,text/html; charset=utf-8,false,200,0,https://cost-smart-five.vercel.app/sitemap.xml,0,0,0,0,0,0,0,0
20,https://cost-smart-five.vercel.app/solar-roi/delhi/1000,Solar ROI for 1000 sq ft Roof in Delhi - Detailed Report,text/html; charset=utf-8,false,200,0,https://cost-smart-five.vercel.app/sitemap.xml,0,0,0,0,0,0,0,0
20,https://cost-smart-five.vercel.app/solar-roi/vijayawada/1000,Solar ROI for 1000 sq ft Roof in Vijayawada - Detailed Report,text/html; charset=utf-8,false,200,0,https://cost-smart-five.vercel.app/sitemap.xml,0,0,0,0,0,0,0,0
20,https://cost-smart-five.vercel.app/blog/how-to-use-shipping-cost-calculator,How to use the Shipping Cost Calculator | CostSmart Guide,text/html; charset=utf-8,false,200,0,https://cost-smart-five.vercel.app/sitemap.xml,0,0,0,0,0,0,0,0
20,https://cost-smart-five.vercel.app/solar-roi/bangalore/3000,Solar ROI for 3000 sq ft Roof in Bangalore - Detailed Report,text/html; charset=utf-8,false,200,0,https://cost-smart-five.vercel.app/sitemap.xml,0,0,0,0,0,0,0,0
20,https://cost-smart-five.vercel.app/solar-roi/vijayawada/2000,Solar ROI for 2000 sq ft Roof in Vijayawada - Detailed Report,text/html; charset=utf-8,false,200,0,https://cost-smart-five.vercel.app/sitemap.xml,0,0,0,0,0,0,0,0
20,https://cost-smart-five.vercel.app/solar-roi/faridabad,Solar ROI Calculator for Faridabad - Is it Worth it in 2025?,text/html; charset=utf-8,false,200,0,https://cost-smart-five.vercel.app/sitemap.xml,0,0,0,0,0,0,0,0
20,https://cost-smart-five.vercel.app/solar-roi/mysore/1000,Solar ROI for 1000 sq ft Roof in Mysore - Detailed Report,text/html; charset=utf-8,false,200,0,https://cost-smart-five.vercel.app/sitemap.xml,0,0,0,0,0,0,0,0
20,https://cost-smart-five.vercel.app/solar-roi/srinagar,Solar ROI Calculator for Srinagar - Is it Worth it in 2025?,text/html; charset=utf-8,false,200,0,https://cost-smart-five.vercel.app/sitemap.xml,0,0,0,0,0,0,0,0
20,https://cost-smart-five.vercel.app/solar-roi/kota,Solar ROI Calculator for Kota - Is it Worth it in 2025?,text/html; charset=utf-8,false,200,0,https://cost-smart-five.vercel.app/sitemap.xml,0,0,0,0,0,0,0,0
20,https://cost-smart-five.vercel.app/solar-roi/hyderabad/3000,Solar ROI for 3000 sq ft Roof in Hyderabad - Detailed Report,text/html; charset=utf-8,false,200,0,https://cost-smart-five.vercel.app/sitemap.xml,0,0,0,0,0,0,0,0
20,https://cost-smart-five.vercel.app/solar-roi/solapur/500,Solar ROI for 500 sq ft Roof in Solapur - Detailed Report,text/html; charset=utf-8,false,200,0,https://cost-smart-five.vercel.app/sitemap.xml,0,0,0,0,0,0,0,0
20,https://cost-smart-five.vercel.app/solar-roi/gwalior,Solar ROI Calculator for Gwalior - Is it Worth it in 2025?,text/html; charset=utf-8,false,200,0,https://cost-smart-five.vercel.app/sitemap.xml,0,0,0,0,0,0,0,0
20,https://cost-smart-five.vercel.app/solar-roi/faridabad/5000,Solar ROI for 5000 sq ft Roof in Faridabad - Detailed Report,text/html; charset=utf-8,false,200,0,https://cost-smart-five.vercel.app/sitemap.xml,0,0,0,0,0,0,0,0
20,https://cost-smart-five.vercel.app/solar-roi/thane/500,Solar ROI for 500 sq ft Roof in Thane - Detailed Report,text/html; charset=utf-8,false,200,0,https://cost-smart-five.vercel.app/sitemap.xml,0,0,0,0,0,0,0,0
20,https://cost-smart-five.vercel.app/blog/how-to-use-income-tax-calculator,How to use the Income Tax Calculator | CostSmart Guide,text/html; charset=utf-8,false,200,0,https://cost-smart-five.vercel.app/sitemap.xml,0,0,0,0,0,0,0,0
20,https://cost-smart-five.vercel.app/solar-roi/mumbai/500,Solar ROI for 500 sq ft Roof in Mumbai - Detailed Report,text/html; charset=utf-8,false,200,0,https://cost-smart-five.vercel.app/sitemap.xml,0,0,0,0,0,0,0,0
20,https://cost-smart-five.vercel.app/solar-roi/howrah/2000,Solar ROI for 2000 sq ft Roof in Howrah - Detailed Report,text/html; charset=utf-8,false,200,0,https://cost-smart-five.vercel.app/sitemap.xml,0,0,0,0,0,0,0,0
20,https://cost-smart-five.vercel.app/blog/how-to-use-break-even-calculator,How to use the Break-Even Calculator | CostSmart Guide,text/html; charset=utf-8,false,200,0,https://cost-smart-five.vercel.app/sitemap.xml,0,0,0,0,0,0,0,0
20,https://cost-smart-five.vercel.app/solar-roi/varanasi/1500,Solar ROI for 1500 sq ft Roof in Varanasi - Detailed Report,text/html; charset=utf-8,false,200,0,https://cost-smart-five.vercel.app/sitemap.xml,0,0,0,0,0,0,0,0
20,https://cost-smart-five.vercel.app/blog/how-to-use-currency-converter,How to use the Currency Converter | CostSmart Guide,text/html; charset=utf-8,false,200,0,https://cost-smart-five.vercel.app/sitemap.xml,0,0,0,0,0,0,0,0
20,https://cost-smart-five.vercel.app/blog/ultimate-guide-sip-returns,Ultimate Guide to SIP Returns Calculation | CostSmart,text/html; charset=utf-8,false,200,0,https://cost-smart-five.vercel.app/sitemap.xml,0,0,0,0,0,0,0,0
20,https://cost-smart-five.vercel.app/solar-roi/bhopal,Solar ROI Calculator for Bhopal - Is it Worth it in 2025?,text/html; charset=utf-8,false,200,0,https://cost-smart-five.vercel.app/sitemap.xml,0,0,0,0,0,0,0,0
20,https://cost-smart-five.vercel.app/solar-roi/ranchi/1000,Solar ROI for 1000 sq ft Roof in Ranchi - Detailed Report,text/html; charset=utf-8,false,200,0,https://cost-smart-five.vercel.app/sitemap.xml,0,0,0,0,0,0,0,0
20,https://cost-smart-five.vercel.app/solar-roi/ludhiana/500,Solar ROI for 500 sq ft Roof in Ludhiana - Detailed Report,text/html; charset=utf-8,false,200,0,https://cost-smart-five.vercel.app/sitemap.xml,0,0,0,0,0,0,0,0
20,https://cost-smart-five.vercel.app/solar-roi/solapur,Solar ROI Calculator for Solapur - Is it Worth it in 2025?,text/html; charset=utf-8,false,200,0,https://cost-smart-five.vercel.app/sitemap.xml,0,0,0,0,0,0,0,0
20,https://cost-smart-five.vercel.app/solar-roi/mysore,Solar ROI Calculator for Mysore - Is it Worth it in 2025?,text/html; charset=utf-8,false,200,0,https://cost-smart-five.vercel.app/sitemap.xml,0,0,0,0,0,0,0,0
20,https://cost-smart-five.vercel.app/solar-roi/raipur/3000,Solar ROI for 3000 sq ft Roof in Raipur - Detailed Report,text/html; charset=utf-8,false,200,0,https://cost-smart-five.vercel.app/sitemap.xml,0,0,0,0,0,0,0,0
20,https://cost-smart-five.vercel.app/solar-roi/vijayawada/1500,Solar ROI for 1500 sq ft Roof in Vijayawada - Detailed Report,text/html; charset=utf-8,false,200,0,https://cost-smart-five.vercel.app/sitemap.xml,0,0,0,0,0,0,0,0
20,https://cost-smart-five.vercel.app/solar-roi/navi-mumbai/500,Solar ROI for 500 sq ft Roof in Navi Mumbai - Detailed Report,text/html; charset=utf-8,false,200,0,https://cost-smart-five.vercel.app/sitemap.xml,0,0,0,0,0,0,0,0
20,https://cost-smart-five.vercel.app/blog/how-to-use-salary-calculator,How to use the Salary Calculator | CostSmart Guide,text/html; charset=utf-8,false,200,0,https://cost-smart-five.vercel.app/sitemap.xml,0,0,0,0,0,0,0,0
20,https://cost-smart-five.vercel.app/solar-roi/hubli/1000,Solar ROI for 1000 sq ft Roof in Hubli-Dharwad - Detailed Report,text/html; charset=utf-8,false,200,0,https://cost-smart-five.vercel.app/sitemap.xml,0,0,0,0,0,0,0,0
20,https://cost-smart-five.vercel.app/solar-roi/delhi/1500,Solar ROI for 1500 sq ft Roof in Delhi - Detailed Report,text/html; charset=utf-8,false,200,0,https://cost-smart-five.vercel.app/sitemap.xml,0,0,0,0,0,0,0,0
20,https://cost-smart-five.vercel.app/solar-roi/vadodara,Solar ROI Calculator for Vadodara - Is it Worth it in 2025?,text/html; charset=utf-8,false,200,0,https://cost-smart-five.vercel.app/sitemap.xml,0,0,0,0,0,0,0,0
20,https://cost-smart-five.vercel.app/solar-roi/bangalore/1000,Solar ROI for 1000 sq ft Roof in Bangalore - Detailed Report,text/html; charset=utf-8,false,200,0,https://cost-smart-five.vercel.app/sitemap.xml,0,0,0,0,0,0,0,0
20,https://cost-smart-five.vercel.app/solar-roi/delhi/3000,Solar ROI for 3000 sq ft Roof in Delhi - Detailed Report,text/html; charset=utf-8,false,200,0,https://cost-smart-five.vercel.app/sitemap.xml,0,0,0,0,0,0,0,0
20,https://cost-smart-five.vercel.app/solar-roi/ghaziabad/2000,Solar ROI for 2000 sq ft Roof in Ghaziabad - Detailed Report,text/html; charset=utf-8,false,200,0,https://cost-smart-five.vercel.app/sitemap.xml,0,0,0,0,0,0,0,0
20,https://cost-smart-five.vercel.app/solar-roi/ranchi/1500,Solar ROI for 1500 sq ft Roof in Ranchi - Detailed Report,text/html; charset=utf-8,false,200,0,https://cost-smart-five.vercel.app/sitemap.xml,0,0,0,0,0,0,0,0
20,https://cost-smart-five.vercel.app/solar-roi/dhanbad,Solar ROI Calculator for Dhanbad - Is it Worth it in 2025?,text/html; charset=utf-8,false,200,0,https://cost-smart-five.vercel.app/sitemap.xml,0,0,0,0,0,0,0,0
20,https://cost-smart-five.vercel.app/solar-roi/kalyan,Solar ROI Calculator for Kalyan-Dombivli - Is it Worth it in 2025?,text/html; charset=utf-8,false,200,0,https://cost-smart-five.vercel.app/sitemap.xml,0,0,0,0,0,0,0,0
20,https://cost-smart-five.vercel.app/solar-roi/varanasi/3000,Solar ROI for 3000 sq ft Roof in Varanasi - Detailed Report,text/html; charset=utf-8,false,200,0,https://cost-smart-five.vercel.app/sitemap.xml,0,0,0,0,0,0,0,0
20,https://cost-smart-five.vercel.app/solar-roi/bangalore/500,Solar ROI for 500 sq ft Roof in Bangalore - Detailed Report,text/html; charset=utf-8,false,200,0,https://cost-smart-five.vercel.app/sitemap.xml,0,0,0,0,0,0,0,0
20,https://cost-smart-five.vercel.app/blog/ultimate-guide-property-tax,Ultimate Guide to Property Tax Calculation | CostSmart,text/html; charset=utf-8,false,200,0,https://cost-smart-five.vercel.app/sitemap.xml,0,0,0,0,0,0,0,0
20,https://cost-smart-five.vercel.app/solar-roi/agra,Solar ROI Calculator for Agra - Is it Worth it in 2025?,text/html; charset=utf-8,false,200,0,https://cost-smart-five.vercel.app/sitemap.xml,0,0,0,0,0,0,0,0
20,https://cost-smart-five.vercel.app/solar-roi/gwalior/3000,Solar ROI for 3000 sq ft Roof in Gwalior - Detailed Report,text/html; charset=utf-8,false,200,0,https://cost-smart-five.vercel.app/sitemap.xml,0,0,0,0,0,0,0,0
20,https://cost-smart-five.vercel.app/solar-roi/howrah,Solar ROI Calculator for Howrah - Is it Worth it in 2025?,text/html; charset=utf-8,false,200,0,https://cost-smart-five.vercel.app/sitemap.xml,0,0,0,0,0,0,0,0
20,https://cost-smart-five.vercel.app/blog/ultimate-guide-debt-free-date,Ultimate Guide to Debt Free Date Calculation | CostSmart,text/html; charset=utf-8,false,200,0,https://cost-smart-five.vercel.app/sitemap.xml,0,0,0,0,0,0,0,0
20,https://cost-smart-five.vercel.app/solar-roi/hubli,Solar ROI Calculator for Hubli-Dharwad - Is it Worth it in 2025?,text/html; charset=utf-8,false,200,0,https://cost-smart-five.vercel.app/sitemap.xml,0,0,0,0,0,0,0,0
20,https://cost-smart-five.vercel.app/solar-roi/vijayawada/500,Solar ROI for 500 sq ft Roof in Vijayawada - Detailed Report,text/html; charset=utf-8,false,200,0,https://cost-smart-five.vercel.app/sitemap.xml,0,0,0,0,0,0,0,0
20,https://cost-smart-five.vercel.app/blog/fd-vs-mutual-funds,FD vs Mutual Funds: Where Should You Invest?,text/html; charset=utf-8,false,200,0,https://cost-smart-five.vercel.app/sitemap.xml,0,0,0,0,0,0,0,0
20,https://cost-smart-five.vercel.app/solar-roi/kanpur/500,Solar ROI for 500 sq ft Roof in Kanpur - Detailed Report,text/html; charset=utf-8,false,200,0,https://cost-smart-five.vercel.app/sitemap.xml,0,0,0,0,0,0,0,0
20,https://cost-smart-five.vercel.app/solar-roi/vasai/5000,Solar ROI for 5000 sq ft Roof in Vasai-Virar - Detailed Report,text/html; charset=utf-8,false,200,0,https://cost-smart-five.vercel.app/sitemap.xml,0,0,0,0,0,0,0,0
20,https://cost-smart-five.vercel.app/solar-roi/nashik/500,Solar ROI for 500 sq ft Roof in Nashik - Detailed Report,text/html; charset=utf-8,false,200,0,https://cost-smart-five.vercel.app/sitemap.xml,0,0,0,0,0,0,0,0
20,https://cost-smart-five.vercel.app/blog/ultimate-guide-home-loan-emi,Ultimate Guide to Home Loan EMI Calculation | CostSmart,text/html; charset=utf-8,false,200,0,https://cost-smart-five.vercel.app/sitemap.xml,0,0,0,0,0,0,0,0
20,https://cost-smart-five.vercel.app/solar-roi/bhopal/5000,Solar ROI for 5000 sq ft Roof in Bhopal - Detailed Report,text/html; charset=utf-8,false,200,0,https://cost-smart-five.vercel.app/sitemap.xml,0,0,0,0,0,0,0,0
20,https://cost-smart-five.vercel.app/blog/ultimate-guide-property-registration-charges,"CostSmart - Free Financial Calculators | EMI, SIP, Tax, Loan & More",text/html; charset=utf-8,false,200,0,https://cost-smart-five.vercel.app/sitemap.xml,0,0,0,0,0,0,0,0
20,https://cost-smart-five.vercel.app/solar-roi/visakhapatnam/3000,Solar ROI for 3000 sq ft Roof in Visakhapatnam - Detailed Report,text/html; charset=utf-8,false,200,0,https://cost-smart-five.vercel.app/sitemap.xml,0,0,0,0,0,0,0,0
20,https://cost-smart-five.vercel.app/solar-roi/meerut/3000,Solar ROI for 3000 sq ft Roof in Meerut - Detailed Report,text/html; charset=utf-8,false,200,0,https://cost-smart-five.vercel.app/sitemap.xml,0,0,0,0,0,0,0,0
20,https://cost-smart-five.vercel.app/solar-roi/ludhiana,Solar ROI Calculator for Ludhiana - Is it Worth it in 2025?,text/html; charset=utf-8,false,200,0,https://cost-smart-five.vercel.app/sitemap.xml,0,0,0,0,0,0,0,0
20,https://cost-smart-five.vercel.app/solar-roi/guwahati/1500,Solar ROI for 1500 sq ft Roof in Guwahati - Detailed Report,text/html; charset=utf-8,false,200,0,https://cost-smart-five.vercel.app/sitemap.xml,0,0,0,0,0,0,0,0
20,https://cost-smart-five.vercel.app/solar-roi/rajkot,Solar ROI Calculator for Rajkot - Is it Worth it in 2025?,text/html; charset=utf-8,false,200,0,https://cost-smart-five.vercel.app/sitemap.xml,0,0,0,0,0,0,0,0
20,https://cost-smart-five.vercel.app/solar-roi/lucknow/3000,Solar ROI for 3000 sq ft Roof in Lucknow - Detailed Report,text/html; charset=utf-8,false,200,0,https://cost-smart-five.vercel.app/sitemap.xml,0,0,0,0,0,0,0,0
20,https://cost-smart-five.vercel.app/solar-roi/bhopal/1000,Solar ROI for 1000 sq ft Roof in Bhopal - Detailed Report,text/html; charset=utf-8,false,200,0,https://cost-smart-five.vercel.app/sitemap.xml,0,0,0,0,0,0,0,0
20,https://cost-smart-five.vercel.app/solar-roi/aurangabad/2000,Solar ROI for 2000 sq ft Roof in Aurangabad - Detailed Report,text/html; charset=utf-8,false,200,0,https://cost-smart-five.vercel.app/sitemap.xml,0,0,0,0,0,0,0,0
20,https://cost-smart-five.vercel.app/solar-roi/vs/hydro,Solar vs Hydro - Which is Cheaper? | Cost Comparison,text/html; charset=utf-8,false,200,0,https://cost-smart-five.vercel.app/sitemap.xml,0,0,0,0,0,0,0,0
20,https://cost-smart-five.vercel.app/blog/ultimate-guide-business-loan-emi,Ultimate Guide to Business Loan EMI Calculation | CostSmart,text/html; charset=utf-8,false,200,0,https://cost-smart-five.vercel.app/sitemap.xml,0,0,0,0,0,0,0,0
20,https://cost-smart-five.vercel.app/solar-roi/hyderabad/2000,Solar ROI for 2000 sq ft Roof in Hyderabad - Detailed Report,text/html; charset=utf-8,false,200,0,https://cost-smart-five.vercel.app/sitemap.xml,0,0,0,0,0,0,0,0
20,https://cost-smart-five.vercel.app/solar-roi/srinagar/5000,Solar ROI for 5000 sq ft Roof in Srinagar - Detailed Report,text/html; charset=utf-8,false,200,0,https://cost-smart-five.vercel.app/sitemap.xml,0,0,0,0,0,0,0,0
20,https://cost-smart-five.vercel.app/blog/how-to-use-emi-calculator,How to use the EMI Calculator | CostSmart Guide,text/html; charset=utf-8,false,200,0,https://cost-smart-five.vercel.app/sitemap.xml,0,0,0,0,0,0,0,0
20,https://cost-smart-five.vercel.app/solar-roi/patna/2000,Solar ROI for 2000 sq ft Roof in Patna - Detailed Report,text/html; charset=utf-8,false,200,0,https://cost-smart-five.vercel.app/sitemap.xml,0,0,0,0,0,0,0,0
20,https://cost-smart-five.vercel.app/blog/ultimate-guide-water-bill,Ultimate Guide to Water Bill Calculation | CostSmart,text/html; charset=utf-8,false,200,0,https://cost-smart-five.vercel.app/sitemap.xml,0,0,0,0,0,0,0,0
20,https://cost-smart-five.vercel.app/solar-roi/bhopal/1500,Solar ROI for 1500 sq ft Roof in Bhopal - Detailed Report,text/html; charset=utf-8,false,200,0,https://cost-smart-five.vercel.app/sitemap.xml,0,0,0,0,0,0,0,0
20,https://cost-smart-five.vercel.app/solar-roi/agra/2000,Solar ROI for 2000 sq ft Roof in Agra - Detailed Report,text/html; charset=utf-8,false,200,0,https://cost-smart-five.vercel.app/sitemap.xml,0,0,0,0,0,0,0,0
20,https://cost-smart-five.vercel.app/solar-roi/coimbatore/5000,Solar ROI for 5000 sq ft Roof in Coimbatore - Detailed Report,text/html; charset=utf-8,false,200,0,https://cost-smart-five.vercel.app/sitemap.xml,0,0,0,0,0,0,0,0
20,https://cost-smart-five.vercel.app/solar-roi/nagpur/3000,Solar ROI for 3000 sq ft Roof in Nagpur - Detailed Report,text/html; charset=utf-8,false,200,0,https://cost-smart-five.vercel.app/sitemap.xml,0,0,0,0,0,0,0,0
20,https://cost-smart-five.vercel.app/solar-roi/allahabad,Solar ROI Calculator for Allahabad - Is it Worth it in 2025?,text/html; charset=utf-8,false,200,0,https://cost-smart-five.vercel.app/sitemap.xml,0,0,0,0,0,0,0,0
20,https://cost-smart-five.vercel.app/solar-roi/vs/grid,Solar vs Grid - Which is Cheaper? | Cost Comparison,text/html; charset=utf-8,false,200,0,https://cost-smart-five.vercel.app/sitemap.xml,0,0,0,0,0,0,0,0
20,https://cost-smart-five.vercel.app/solar-roi/aurangabad/1000,Solar ROI for 1000 sq ft Roof in Aurangabad - Detailed Report,text/html; charset=utf-8,false,200,0,https://cost-smart-five.vercel.app/sitemap.xml,0,0,0,0,0,0,0,0
20,https://cost-smart-five.vercel.app/blog/ultimate-guide-volumetric-weight,Ultimate Guide to Volumetric Weight Calculation | CostSmart,text/html; charset=utf-8,false,200,0,https://cost-smart-five.vercel.app/sitemap.xml,0,0,0,0,0,0,0,0
20,https://cost-smart-five.vercel.app/solar-roi/meerut/2000,Solar ROI for 2000 sq ft Roof in Meerut - Detailed Report,text/html; charset=utf-8,false,200,0,https://cost-smart-five.vercel.app/sitemap.xml,0,0,0,0,0,0,0,0
20,https://cost-smart-five.vercel.app/solar-roi/raipur/2000,Solar ROI for 2000 sq ft Roof in Raipur - Detailed Report,text/html; charset=utf-8,false,200,0,https://cost-smart-five.vercel.app/sitemap.xml,0,0,0,0,0,0,0,0
20,https://cost-smart-five.vercel.app/solar-roi/patna,Solar ROI Calculator for Patna - Is it Worth it in 2025?,text/html; charset=utf-8,false,200,0,https://cost-smart-five.vercel.app/sitemap.xml,0,0,0,0,0,0,0,0
20,https://cost-smart-five.vercel.app/solar-roi/surat/1000,Solar ROI for 1000 sq ft Roof in Surat - Detailed Report,text/html; charset=utf-8,false,200,0,https://cost-smart-five.vercel.app/sitemap.xml,0,0,0,0,0,0,0,0
20,https://cost-smart-five.vercel.app/blog/ultimate-guide-break-even-point,Ultimate Guide to Break-Even Point Calculation | CostSmart,text/html; charset=utf-8,false,200,0,https://cost-smart-five.vercel.app/sitemap.xml,0,0,0,0,0,0,0,0
20,https://cost-smart-five.vercel.app/blog/ctc-vs-in-hand,CTC vs In-Hand Salary: Why is it Different?,text/html; charset=utf-8,false,200,0,https://cost-smart-five.vercel.app/sitemap.xml,0,0,0,0,0,0,0,0
20,https://cost-smart-five.vercel.app/solar-roi/aurangabad/500,Solar ROI for 500 sq ft Roof in Aurangabad - Detailed Report,text/html; charset=utf-8,false,200,0,https://cost-smart-five.vercel.app/sitemap.xml,0,0,0,0,0,0,0,0
20,https://cost-smart-five.vercel.app/solar-roi/kalyan/500,Solar ROI for 500 sq ft Roof in Kalyan-Dombivli - Detailed Report,text/html; charset=utf-8,false,200,0,https://cost-smart-five.vercel.app/sitemap.xml,0,0,0,0,0,0,0,0
20,https://cost-smart-five.vercel.app/solar-roi/vs/diesel-generator,Solar vs Diesel Generator - Which is Cheaper? | Cost Comparison,text/html; charset=utf-8,false,200,0,https://cost-smart-five.vercel.app/sitemap.xml,0,0,0,0,0,0,0,0
20,https://cost-smart-five.vercel.app/solar-roi/lucknow/500,Solar ROI for 500 sq ft Roof in Lucknow - Detailed Report,text/html; charset=utf-8,false,200,0,https://cost-smart-five.vercel.app/sitemap.xml,0,0,0,0,0,0,0,0
20,https://cost-smart-five.vercel.app/blog/ultimate-guide-lpg-subsidy,Ultimate Guide to LPG Subsidy Calculation | CostSmart,text/html; charset=utf-8,false,200,0,https://cost-smart-five.vercel.app/sitemap.xml,0,0,0,0,0,0,0,0
20,https://cost-smart-five.vercel.app/solar-roi/agra/5000,Solar ROI for 5000 sq ft Roof in Agra - Detailed Report,text/html; charset=utf-8,false,200,0,https://cost-smart-five.vercel.app/sitemap.xml,0,0,0,0,0,0,0,0
20,https://cost-smart-five.vercel.app/solar-roi/amritsar,Solar ROI Calculator for Amritsar - Is it Worth it in 2025?,text/html; charset=utf-8,false,200,0,https://cost-smart-five.vercel.app/sitemap.xml,0,0,0,0,0,0,0,0
20,https://cost-smart-five.vercel.app/solar-roi/kanpur/2000,Solar ROI for 2000 sq ft Roof in Kanpur - Detailed Report,text/html; charset=utf-8,false,200,0,https://cost-smart-five.vercel.app/sitemap.xml,0,0,0,0,0,0,0,0
20,https://cost-smart-five.vercel.app/solar-roi/navi-mumbai/1500,Solar ROI for 1500 sq ft Roof in Navi Mumbai - Detailed Report,text/html; charset=utf-8,false,200,0,https://cost-smart-five.vercel.app/sitemap.xml,0,0,0,0,0,0,0,0
20,https://cost-smart-five.vercel.app/solar-roi/mumbai/1500,Solar ROI for 1500 sq ft Roof in Mumbai - Detailed Report,text/html; charset=utf-8,false,200,0,https://cost-smart-five.vercel.app/sitemap.xml,0,0,0,0,0,0,0,0
20,https://cost-smart-five.vercel.app/blog/gst-inclusive-vs-exclusive,GST Inclusive vs Exclusive: How to Calculate Correctly?,text/html; charset=utf-8,false,200,0,https://cost-smart-five.vercel.app/sitemap.xml,0,0,0,0,0,0,0,0
20,https://cost-smart-five.vercel.app/blog/ultimate-guide-electricity-bill,Ultimate Guide to Electricity Bill Calculation | CostSmart,text/html; charset=utf-8,false,200,0,https://cost-smart-five.vercel.app/sitemap.xml,0,0,0,0,0,0,0,0
20,https://cost-smart-five.vercel.app/blog/ultimate-guide-home-renovation-cost,"CostSmart - Free Financial Calculators | EMI, SIP, Tax, Loan & More",text/html; charset=utf-8,false,200,0,https://cost-smart-five.vercel.app/sitemap.xml,0,0,0,0,0,0,0,0
20,https://cost-smart-five.vercel.app/solar-roi/vijayawada/5000,Solar ROI for 5000 sq ft Roof in Vijayawada - Detailed Report,text/html; charset=utf-8,false,200,0,https://cost-smart-five.vercel.app/sitemap.xml,0,0,0,0,0,0,0,0
20,https://cost-smart-five.vercel.app/solar-roi/madurai/5000,Solar ROI for 5000 sq ft Roof in Madurai - Detailed Report,text/html; charset=utf-8,false,200,0,https://cost-smart-five.vercel.app/sitemap.xml,0,0,0,0,0,0,0,0
20,https://cost-smart-five.vercel.app/blog/how-to-use-ppf-calculator,How to use the PPF Calculator | CostSmart Guide,text/html; charset=utf-8,false,200,0,https://cost-smart-five.vercel.app/sitemap.xml,0,0,0,0,0,0,0,0
20,https://cost-smart-five.vercel.app/solar-roi/ahmedabad/5000,Solar ROI for 5000 sq ft Roof in Ahmedabad - Detailed Report,text/html; charset=utf-8,false,200,0,https://cost-smart-five.vercel.app/sitemap.xml,0,0,0,0,0,0,0,0
20,https://cost-smart-five.vercel.app/solar-roi/ranchi,Solar ROI Calculator for Ranchi - Is it Worth it in 2025?,text/html; charset=utf-8,false,200,0,https://cost-smart-five.vercel.app/sitemap.xml,0,0,0,0,0,0,0,0
20,https://cost-smart-five.vercel.app/solar-roi/indore/2000,Solar ROI for 2000 sq ft Roof in Indore - Detailed Report,text/html; charset=utf-8,false,200,0,https://cost-smart-five.vercel.app/sitemap.xml,0,0,0,0,0,0,0,0
20,https://cost-smart-five.vercel.app/solar-roi/ahmedabad/3000,Solar ROI for 3000 sq ft Roof in Ahmedabad - Detailed Report,text/html; charset=utf-8,false,200,0,https://cost-smart-five.vercel.app/sitemap.xml,0,0,0,0,0,0,0,0
20,https://cost-smart-five.vercel.app/blog/how-to-use-electricity-bill-calculator,How to use the Electricity Bill Calculator | CostSmart Guide,text/html; charset=utf-8,false,200,0,https://cost-smart-five.vercel.app/sitemap.xml,0,0,0,0,0,0,0,0
20,https://cost-smart-five.vercel.app/solar-roi/hyderabad/500,Solar ROI for 500 sq ft Roof in Hyderabad - Detailed Report,text/html; charset=utf-8,false,200,0,https://cost-smart-five.vercel.app/sitemap.xml,0,0,0,0,0,0,0,0
20,https://cost-smart-five.vercel.app/solar-roi/ghaziabad,Solar ROI Calculator for Ghaziabad - Is it Worth it in 2025?,text/html; charset=utf-8,false,200,0,https://cost-smart-five.vercel.app/sitemap.xml,0,0,0,0,0,0,0,0
20,https://cost-smart-five.vercel.app/solar-roi/varanasi/1000,Solar ROI for 1000 sq ft Roof in Varanasi - Detailed Report,text/html; charset=utf-8,false,200,0,https://cost-smart-five.vercel.app/sitemap.xml,0,0,0,0,0,0,0,0
20,https://cost-smart-five.vercel.app/solar-roi/madurai/1000,Solar ROI for 1000 sq ft Roof in Madurai - Detailed Report,text/html; charset=utf-8,false,200,0,https://cost-smart-five.vercel.app/sitemap.xml,0,0,0,0,0,0,0,0
20,https://cost-smart-five.vercel.app/solar-roi/thane/1000,Solar ROI for 1000 sq ft Roof in Thane - Detailed Report,text/html; charset=utf-8,false,200,0,https://cost-smart-five.vercel.app/sitemap.xml,0,0,0,0,0,0,0,0
20,https://cost-smart-five.vercel.app/solar-roi/kalyan/2000,Solar ROI for 2000 sq ft Roof in Kalyan-Dombivli - Detailed Report,text/html; charset=utf-8,false,200,0,https://cost-smart-five.vercel.app/sitemap.xml,0,0,0,0,0,0,0,0
20,https://cost-smart-five.vercel.app/solar-roi/kanpur/3000,Solar ROI for 3000 sq ft Roof in Kanpur - Detailed Report,text/html; charset=utf-8,false,200,0,https://cost-smart-five.vercel.app/sitemap.xml,0,0,0,0,0,0,0,0
20,https://cost-smart-five.vercel.app/blog/ultimate-guide-rent-vs-buy-decision,Ultimate Guide to Rent vs Buy Decision Calculation | CostSmart,text/html; charset=utf-8,false,200,0,https://cost-smart-five.vercel.app/sitemap.xml,0,0,0,0,0,0,0,0
20,https://cost-smart-five.vercel.app/solar-roi/visakhapatnam/500,Solar ROI for 500 sq ft Roof in Visakhapatnam - Detailed Report,text/html; charset=utf-8,false,200,0,https://cost-smart-five.vercel.app/sitemap.xml,0,0,0,0,0,0,0,0
20,https://cost-smart-five.vercel.app/solar-roi/vadodara/1500,Solar ROI for 1500 sq ft Roof in Vadodara - Detailed Report,text/html; charset=utf-8,false,200,0,https://cost-smart-five.vercel.app/sitemap.xml,0,0,0,0,0,0,0,0
20,https://cost-smart-five.vercel.app/solar-roi/surat/2000,Solar ROI for 2000 sq ft Roof in Surat - Detailed Report,text/html; charset=utf-8,false,200,0,https://cost-smart-five.vercel.app/sitemap.xml,0,0,0,0,0,0,0,0
20,https://cost-smart-five.vercel.app/solar-roi/jodhpur/3000,Solar ROI for 3000 sq ft Roof in Jodhpur - Detailed Report,text/html; charset=utf-8,false,200,0,https://cost-smart-five.vercel.app/sitemap.xml,0,0,0,0,0,0,0,0
20,https://cost-smart-five.vercel.app/solar-roi/chennai/1000,Solar ROI for 1000 sq ft Roof in Chennai - Detailed Report,text/html; charset=utf-8,false,200,0,https://cost-smart-five.vercel.app/sitemap.xml,0,0,0,0,0,0,0,0
20,https://cost-smart-five.vercel.app/solar-roi/vasai/1000,Solar ROI for 1000 sq ft Roof in Vasai-Virar - Detailed Report,text/html; charset=utf-8,false,200,0,https://cost-smart-five.vercel.app/sitemap.xml,0,0,0,0,0,0,0,0
20,https://cost-smart-five.vercel.app/solar-roi/jaipur/5000,Solar ROI for 5000 sq ft Roof in Jaipur - Detailed Report,text/html; charset=utf-8,false,200,0,https://cost-smart-five.vercel.app/sitemap.xml,0,0,0,0,0,0,0,0
20,https://cost-smart-five.vercel.app/blog/how-to-use-home-loan-calculator,How to use the Home Loan Calculator | CostSmart Guide,text/html; charset=utf-8,false,200,0,https://cost-smart-five.vercel.app/sitemap.xml,0,0,0,0,0,0,0,0
20,https://cost-smart-five.vercel.app/solar-roi/guwahati/3000,Solar ROI for 3000 sq ft Roof in Guwahati - Detailed Report,text/html; charset=utf-8,false,200,0,https://cost-smart-five.vercel.app/sitemap.xml,0,0,0,0,0,0,0,0
20,https://cost-smart-five.vercel.app/solar-roi/jabalpur/500,Solar ROI for 500 sq ft Roof in Jabalpur - Detailed Report,text/html; charset=utf-8,false,200,0,https://cost-smart-five.vercel.app/sitemap.xml,0,0,0,0,0,0,0,0
20,https://cost-smart-five.vercel.app/solar-roi/coimbatore/1000,Solar ROI for 1000 sq ft Roof in Coimbatore - Detailed Report,text/html; charset=utf-8,false,200,0,https://cost-smart-five.vercel.app/sitemap.xml,0,0,0,0,0,0,0,0
20,https://cost-smart-five.vercel.app/solar-roi/ludhiana/1500,Solar ROI for 1500 sq ft Roof in Ludhiana - Detailed Report,text/html; charset=utf-8,false,200,0,https://cost-smart-five.vercel.app/sitemap.xml,0,0,0,0,0,0,0,0
20,https://cost-smart-five.vercel.app/solar-roi/kolkata/500,Solar ROI for 500 sq ft Roof in Kolkata - Detailed Report,text/html; charset=utf-8,false,200,0,https://cost-smart-five.vercel.app/sitemap.xml,0,0,0,0,0,0,0,0
20,https://cost-smart-five.vercel.app/solar-roi/vadodara/5000,Solar ROI for 5000 sq ft Roof in Vadodara - Detailed Report,text/html; charset=utf-8,false,200,0,https://cost-smart-five.vercel.app/sitemap.xml,0,0,0,0,0,0,0,0
20,https://cost-smart-five.vercel.app/blog/how-to-use-debt-payoff-calculator,How to use the Debt Payoff Calculator | CostSmart Guide,text/html; charset=utf-8,false,200,0,https://cost-smart-five.vercel.app/sitemap.xml,0,0,0,0,0,0,0,0
20,https://cost-smart-five.vercel.app/solar-roi/roof/1000,Solar ROI for 1000 sq ft Roof - Calculation & Cost,text/html; charset=utf-8,false,200,0,https://cost-smart-five.vercel.app/sitemap.xml,0,0,0,0,0,0,0,0
20,https://cost-smart-five.vercel.app/solar-roi/srinagar/1500,Solar ROI for 1500 sq ft Roof in Srinagar - Detailed Report,text/html; charset=utf-8,false,200,0,https://cost-smart-five.vercel.app/sitemap.xml,0,0,0,0,0,0,0,0
20,https://cost-smart-five.vercel.app/solar-roi/ranchi/3000,Solar ROI for 3000 sq ft Roof in Ranchi - Detailed Report,text/html; charset=utf-8,false,200,0,https://cost-smart-five.vercel.app/sitemap.xml,0,0,0,0,0,0,0,0
20,https://cost-smart-five.vercel.app/solar-roi/roof/2000,Solar ROI for 2000 sq ft Roof - Calculation & Cost,text/html; charset=utf-8,false,200,0,https://cost-smart-five.vercel.app/sitemap.xml,0,0,0,0,0,0,0,0
20,https://cost-smart-five.vercel.app/solar-roi/rajkot/1500,Solar ROI for 1500 sq ft Roof in Rajkot - Detailed Report,text/html; charset=utf-8,false,200,0,https://cost-smart-five.vercel.app/sitemap.xml,0,0,0,0,0,0,0,0
20,https://cost-smart-five.vercel.app/blog/ultimate-guide-professional-invoice,Ultimate Guide to Professional Invoice Calculation | CostSmart,text/html; charset=utf-8,false,200,0,https://cost-smart-five.vercel.app/sitemap.xml,0,0,0,0,0,0,0,0
20,https://cost-smart-five.vercel.app/blog/emergency-fund-importance,Why You Need an Emergency Fund (Before Investing),text/html; charset=utf-8,false,200,0,https://cost-smart-five.vercel.app/sitemap.xml,0,0,0,0,0,0,0,0
20,https://cost-smart-five.vercel.app/solar-roi/raipur/1000,Solar ROI for 1000 sq ft Roof in Raipur - Detailed Report,text/html; charset=utf-8,false,200,0,https://cost-smart-five.vercel.app/sitemap.xml,0,0,0,0,0,0,0,0
20,https://cost-smart-five.vercel.app/solar-roi/coimbatore/3000,Solar ROI for 3000 sq ft Roof in Coimbatore - Detailed Report,text/html; charset=utf-8,false,200,0,https://cost-smart-five.vercel.app/sitemap.xml,0,0,0,0,0,0,0,0
20,https://cost-smart-five.vercel.app/solar-roi/patna/5000,Solar ROI for 5000 sq ft Roof in Patna - Detailed Report,text/html; charset=utf-8,false,200,0,https://cost-smart-five.vercel.app/sitemap.xml,0,0,0,0,0,0,0,0
20,https://cost-smart-five.vercel.app/solar-roi/chennai/3000,Solar ROI for 3000 sq ft Roof in Chennai - Detailed Report,text/html; charset=utf-8,false,200,0,https://cost-smart-five.vercel.app/sitemap.xml,0,0,0,0,0,0,0,0
20,https://cost-smart-five.vercel.app/solar-roi/vadodara/2000,Solar ROI for 2000 sq ft Roof in Vadodara - Detailed Report,text/html; charset=utf-8,false,200,0,https://cost-smart-five.vercel.app/sitemap.xml,0,0,0,0,0,0,0,0
20,https://cost-smart-five.vercel.app/solar-roi/kanpur/1000,Solar ROI for 1000 sq ft Roof in Kanpur - Detailed Report,text/html; charset=utf-8,false,200,0,https://cost-smart-five.vercel.app/sitemap.xml,0,0,0,0,0,0,0,0
20,https://cost-smart-five.vercel.app/solar-roi/rajkot/1000,Solar ROI for 1000 sq ft Roof in Rajkot - Detailed Report,text/html; charset=utf-8,false,200,0,https://cost-smart-five.vercel.app/sitemap.xml,0,0,0,0,0,0,0,0
20,https://cost-smart-five.vercel.app/solar-roi/madurai/2000,Solar ROI for 2000 sq ft Roof in Madurai - Detailed Report,text/html; charset=utf-8,false,200,0,https://cost-smart-five.vercel.app/sitemap.xml,0,0,0,0,0,0,0,0
20,https://cost-smart-five.vercel.app/solar-roi/raipur,Solar ROI Calculator for Raipur - Is it Worth it in 2025?,text/html; charset=utf-8,false,200,0,https://cost-smart-five.vercel.app/sitemap.xml,0,0,0,0,0,0,0,0
20,https://cost-smart-five.vercel.app/blog/how-to-use-rent-vs-buy-calculator,How to use the Rent vs Buy Calculator | CostSmart Guide,text/html; charset=utf-8,false,200,0,https://cost-smart-five.vercel.app/sitemap.xml,0,0,0,0,0,0,0,0
20,https://cost-smart-five.vercel.app/solar-roi/chennai/1500,Solar ROI for 1500 sq ft Roof in Chennai - Detailed Report,text/html; charset=utf-8,false,200,0,https://cost-smart-five.vercel.app/sitemap.xml,0,0,0,0,0,0,0,0
20,https://cost-smart-five.vercel.app/solar-roi/nagpur/2000,Solar ROI for 2000 sq ft Roof in Nagpur - Detailed Report,text/html; charset=utf-8,false,200,0,https://cost-smart-five.vercel.app/sitemap.xml,0,0,0,0,0,0,0,0
20,https://cost-smart-five.vercel.app/solar-roi/ludhiana/5000,Solar ROI for 5000 sq ft Roof in Ludhiana - Detailed Report,text/html; charset=utf-8,false,200,0,https://cost-smart-five.vercel.app/sitemap.xml,0,0,0,0,0,0,0,0
20,https://cost-smart-five.vercel.app/solar-roi/kolkata/2000,Solar ROI for 2000 sq ft Roof in Kolkata - Detailed Report,text/html; charset=utf-8,false,200,0,https://cost-smart-five.vercel.app/sitemap.xml,0,0,0,0,0,0,0,0
20,https://cost-smart-five.vercel.app/solar-roi/kota/5000,Solar ROI for 5000 sq ft Roof in Kota - Detailed Report,text/html; charset=utf-8,false,200,0,https://cost-smart-five.vercel.app/sitemap.xml,0,0,0,0,0,0,0,0
20,https://cost-smart-five.vercel.app/blog/ultimate-guide-freelance-hourly-rate,Ultimate Guide to Freelance Hourly Rate Calculation | CostSmart,text/html; charset=utf-8,false,200,0,https://cost-smart-five.vercel.app/sitemap.xml,0,0,0,0,0,0,0,0
20,https://cost-smart-five.vercel.app/solar-roi/ludhiana/3000,Solar ROI for 3000 sq ft Roof in Ludhiana - Detailed Report,text/html; charset=utf-8,false,200,0,https://cost-smart-five.vercel.app/sitemap.xml,0,0,0,0,0,0,0,0
20,https://cost-smart-five.vercel.app/solar-roi/coimbatore/1500,Solar ROI for 1500 sq ft Roof in Coimbatore - Detailed Report,text/html; charset=utf-8,false,200,0,https://cost-smart-five.vercel.app/sitemap.xml,0,0,0,0,0,0,0,0
20,https://cost-smart-five.vercel.app/solar-roi/faridabad/1500,Solar ROI for 1500 sq ft Roof in Faridabad - Detailed Report,text/html; charset=utf-8,false,200,0,https://cost-smart-five.vercel.app/sitemap.xml,0,0,0,0,0,0,0,0
20,https://cost-smart-five.vercel.app/solar-roi/indore/1500,Solar ROI for 1500 sq ft Roof in Indore - Detailed Report,text/html; charset=utf-8,false,200,0,https://cost-smart-five.vercel.app/sitemap.xml,0,0,0,0,0,0,0,0
20,https://cost-smart-five.vercel.app/blog/ultimate-guide-fixed-deposit-interest,Ultimate Guide to Fixed Deposit Interest Calculation | CostSmart,text/html; charset=utf-8,false,200,0,https://cost-smart-five.vercel.app/sitemap.xml,0,0,0,0,0,0,0,0
20,https://cost-smart-five.vercel.app/solar-roi/coimbatore/2000,Solar ROI for 2000 sq ft Roof in Coimbatore - Detailed Report,text/html; charset=utf-8,false,200,0,https://cost-smart-five.vercel.app/sitemap.xml,0,0,0,0,0,0,0,0
20,https://cost-smart-five.vercel.app/solar-roi/surat/500,Solar ROI for 500 sq ft Roof in Surat - Detailed Report,text/html; charset=utf-8,false,200,0,https://cost-smart-five.vercel.app/sitemap.xml,0,0,0,0,0,0,0,0
20,https://cost-smart-five.vercel.app/solar-roi/chandigarh/1500,Solar ROI for 1500 sq ft Roof in Chandigarh - Detailed Report,text/html; charset=utf-8,false,200,0,https://cost-smart-five.vercel.app/sitemap.xml,0,0,0,0,0,0,0,0
20,https://cost-smart-five.vercel.app/tools,AI Financial Tools - Budget Analyzer & Smart Advisor | CostSmart,text/html; charset=utf-8,false,200,0,https://cost-smart-five.vercel.app/sitemap.xml,0,0,0,0,0,0,0,0
20,https://cost-smart-five.vercel.app/blog/ultimate-guide-income-tax-liability,Ultimate Guide to Income Tax Liability Calculation | CostSmart,text/html; charset=utf-8,false,200,0,https://cost-smart-five.vercel.app/sitemap.xml,0,0,0,0,0,0,0,0
20,https://cost-smart-five.vercel.app/solar-roi/vasai/500,Solar ROI for 500 sq ft Roof in Vasai-Virar - Detailed Report,text/html; charset=utf-8,false,200,0,https://cost-smart-five.vercel.app/sitemap.xml,0,0,0,0,0,0,0,0
20,https://cost-smart-five.vercel.app/solar-roi/budget/1000000,"Solar System for ₹1,000,000 Budget - ROI & Capacity",text/html; charset=utf-8,false,200,0,https://cost-smart-five.vercel.app/sitemap.xml,0,0,0,0,0,0,0,0
20,https://cost-smart-five.vercel.app/solar-roi/kalyan/3000,Solar ROI for 3000 sq ft Roof in Kalyan-Dombivli - Detailed Report,text/html; charset=utf-8,false,200,0,https://cost-smart-five.vercel.app/sitemap.xml,0,0,0,0,0,0,0,0
20,https://cost-smart-five.vercel.app/blog/how-to-use-property-registration-cost-calculator,"CostSmart - Free Financial Calculators | EMI, SIP, Tax, Loan & More",text/html; charset=utf-8,false,200,0,https://cost-smart-five.vercel.app/sitemap.xml,0,0,0,0,0,0,0,0
20,https://cost-smart-five.vercel.app/solar-roi/howrah/5000,Solar ROI for 5000 sq ft Roof in Howrah - Detailed Report,text/html; charset=utf-8,false,200,0,https://cost-smart-five.vercel.app/sitemap.xml,0,0,0,0,0,0,0,0
20,https://cost-smart-five.vercel.app/solar-roi/allahabad/5000,Solar ROI for 5000 sq ft Roof in Allahabad - Detailed Report,text/html; charset=utf-8,false,200,0,https://cost-smart-five.vercel.app/sitemap.xml,0,0,0,0,0,0,0,0
20,https://cost-smart-five.vercel.app/solar-roi/vasai/1500,Solar ROI for 1500 sq ft Roof in Vasai-Virar - Detailed Report,text/html; charset=utf-8,false,200,0,https://cost-smart-five.vercel.app/sitemap.xml,0,0,0,0,0,0,0,0
20,https://cost-smart-five.vercel.app/solar-roi/allahabad/500,Solar ROI for 500 sq ft Roof in Allahabad - Detailed Report,text/html; charset=utf-8,false,200,0,https://cost-smart-five.vercel.app/sitemap.xml,0,0,0,0,0,0,0,0
20,https://cost-smart-five.vercel.app/solar-roi/roof/5000,Solar ROI for 5000 sq ft Roof - Calculation & Cost,text/html; charset=utf-8,false,200,0,https://cost-smart-five.vercel.app/sitemap.xml,0,0,0,0,0,0,0,0
20,https://cost-smart-five.vercel.app/blog/ultimate-guide-retirement-corpus,Ultimate Guide to Retirement Corpus Calculation | CostSmart,text/html; charset=utf-8,false,200,0,https://cost-smart-five.vercel.app/sitemap.xml,0,0,0,0,0,0,0,0
20,https://cost-smart-five.vercel.app/solar-roi/thane/3000,Solar ROI for 3000 sq ft Roof in Thane - Detailed Report,text/html; charset=utf-8,false,200,0,https://cost-smart-five.vercel.app/sitemap.xml,0,0,0,0,0,0,0,0
20,https://cost-smart-five.vercel.app/solar-roi/jabalpur/1000,Solar ROI for 1000 sq ft Roof in Jabalpur - Detailed Report,text/html; charset=utf-8,false,200,0,https://cost-smart-five.vercel.app/sitemap.xml,0,0,0,0,0,0,0,0
20,https://cost-smart-five.vercel.app/solar-roi/amritsar/1500,Solar ROI for 1500 sq ft Roof in Amritsar - Detailed Report,text/html; charset=utf-8,false,200,0,https://cost-smart-five.vercel.app/sitemap.xml,0,0,0,0,0,0,0,0
20,https://cost-smart-five.vercel.app/blog/how-to-use-emergency-fund-calculator,How to use the Emergency Fund Calculator | CostSmart Guide,text/html; charset=utf-8,false,200,0,https://cost-smart-five.vercel.app/sitemap.xml,0,0,0,0,0,0,0,0
20,https://cost-smart-five.vercel.app/solar-roi/nagpur/1000,Solar ROI for 1000 sq ft Roof in Nagpur - Detailed Report,text/html; charset=utf-8,false,200,0,https://cost-smart-five.vercel.app/sitemap.xml,0,0,0,0,0,0,0,0
20,https://cost-smart-five.vercel.app/solar-roi/faridabad/500,Solar ROI for 500 sq ft Roof in Faridabad - Detailed Report,text/html; charset=utf-8,false,200,0,https://cost-smart-five.vercel.app/sitemap.xml,0,0,0,0,0,0,0,0
20,https://cost-smart-five.vercel.app/solar-roi/surat/5000,Solar ROI for 5000 sq ft Roof in Surat - Detailed Report,text/html; charset=utf-8,false,200,0,https://cost-smart-five.vercel.app/sitemap.xml,0,0,0,0,0,0,0,0
20,https://cost-smart-five.vercel.app/solar-roi/chandigarh/3000,Solar ROI for 3000 sq ft Roof in Chandigarh - Detailed Report,text/html; charset=utf-8,false,200,0,https://cost-smart-five.vercel.app/sitemap.xml,0,0,0,0,0,0,0,0
20,https://cost-smart-five.vercel.app/solar-roi/raipur/5000,Solar ROI for 5000 sq ft Roof in Raipur - Detailed Report,text/html; charset=utf-8,false,200,0,https://cost-smart-five.vercel.app/sitemap.xml,0,0,0,0,0,0,0,0
20,https://cost-smart-five.vercel.app/solar-roi/bhopal/2000,Solar ROI for 2000 sq ft Roof in Bhopal - Detailed Report,text/html; charset=utf-8,false,200,0,https://cost-smart-five.vercel.app/sitemap.xml,0,0,0,0,0,0,0,0
20,https://cost-smart-five.vercel.app/solar-roi/visakhapatnam/1000,Solar ROI for 1000 sq ft Roof in Visakhapatnam - Detailed Report,text/html; charset=utf-8,false,200,0,https://cost-smart-five.vercel.app/sitemap.xml,0,0,0,0,0,0,0,0
20,https://cost-smart-five.vercel.app/solar-roi/ghaziabad/1500,Solar ROI for 1500 sq ft Roof in Ghaziabad - Detailed Report,text/html; charset=utf-8,false,200,0,https://cost-smart-five.vercel.app/sitemap.xml,0,0,0,0,0,0,0,0
20,https://cost-smart-five.vercel.app/solar-roi/indore/5000,Solar ROI for 5000 sq ft Roof in Indore - Detailed Report,text/html; charset=utf-8,false,200,0,https://cost-smart-five.vercel.app/sitemap.xml,0,0,0,0,0,0,0,0
20,https://cost-smart-five.vercel.app/solar-roi/nashik/2000,Solar ROI for 2000 sq ft Roof in Nashik - Detailed Report,text/html; charset=utf-8,false,200,0,https://cost-smart-five.vercel.app/sitemap.xml,0,0,0,0,0,0,0,0
20,https://cost-smart-five.vercel.app/solar-roi/srinagar/1000,Solar ROI for 1000 sq ft Roof in Srinagar - Detailed Report,text/html; charset=utf-8,false,200,0,https://cost-smart-five.vercel.app/sitemap.xml,0,0,0,0,0,0,0,0
20,https://cost-smart-five.vercel.app/solar-roi/thane/2000,Solar ROI for 2000 sq ft Roof in Thane - Detailed Report,text/html; charset=utf-8,false,200,0,https://cost-smart-five.vercel.app/sitemap.xml,0,0,0,0,0,0,0,0
20,https://cost-smart-five.vercel.app/blog/how-to-use-retirement-calculator,How to use the Retirement Calculator | CostSmart Guide,text/html; charset=utf-8,false,200,0,https://cost-smart-five.vercel.app/sitemap.xml,0,0,0,0,0,0,0,0
20,https://cost-smart-five.vercel.app/solar-roi/nagpur/500,Solar ROI for 500 sq ft Roof in Nagpur - Detailed Report,text/html; charset=utf-8,false,200,0,https://cost-smart-five.vercel.app/sitemap.xml,0,0,0,0,0,0,0,0
20,https://cost-smart-five.vercel.app/solar-roi/solapur/2000,Solar ROI for 2000 sq ft Roof in Solapur - Detailed Report,text/html; charset=utf-8,false,200,0,https://cost-smart-five.vercel.app/sitemap.xml,0,0,0,0,0,0,0,0
20,https://cost-smart-five.vercel.app/solar-roi/amritsar/500,Solar ROI for 500 sq ft Roof in Amritsar - Detailed Report,text/html; charset=utf-8,false,200,0,https://cost-smart-five.vercel.app/sitemap.xml,0,0,0,0,0,0,0,0
20,https://cost-smart-five.vercel.app/solar-roi/hubli/1500,Solar ROI for 1500 sq ft Roof in Hubli-Dharwad - Detailed Report,text/html; charset=utf-8,false,200,0,https://cost-smart-five.vercel.app/sitemap.xml,0,0,0,0,0,0,0,0
20,https://cost-smart-five.vercel.app/solar-roi/nashik,Solar ROI Calculator for Nashik - Is it Worth it in 2025?,text/html; charset=utf-8,false,200,0,https://cost-smart-five.vercel.app/sitemap.xml,0,0,0,0,0,0,0,0
20,https://cost-smart-five.vercel.app/blog/how-to-use-import-duty-calculator,How to use the Import Duty Calculator | CostSmart Guide,text/html; charset=utf-8,false,200,0,https://cost-smart-five.vercel.app/sitemap.xml,0,0,0,0,0,0,0,0
20,https://cost-smart-five.vercel.app/solar-roi/navi-mumbai/5000,Solar ROI for 5000 sq ft Roof in Navi Mumbai - Detailed Report,text/html; charset=utf-8,false,200,0,https://cost-smart-five.vercel.app/sitemap.xml,0,0,0,0,0,0,0,0
20,https://cost-smart-five.vercel.app/blog/how-to-use-fd-calculator,How to use the FD Calculator | CostSmart Guide,text/html; charset=utf-8,false,200,0,https://cost-smart-five.vercel.app/sitemap.xml,0,0,0,0,0,0,0,0
20,https://cost-smart-five.vercel.app/solar-roi/aurangabad/5000,Solar ROI for 5000 sq ft Roof in Aurangabad - Detailed Report,text/html; charset=utf-8,false,200,0,https://cost-smart-five.vercel.app/sitemap.xml,0,0,0,0,0,0,0,0
20,https://cost-smart-five.vercel.app/solar-roi/varanasi/500,Solar ROI for 500 sq ft Roof in Varanasi - Detailed Report,text/html; charset=utf-8,false,200,0,https://cost-smart-five.vercel.app/sitemap.xml,0,0,0,0,0,0,0,0
20,https://cost-smart-five.vercel.app/blog/ultimate-guide-profit-margin,Ultimate Guide to Profit Margin Calculation | CostSmart,text/html; charset=utf-8,false,200,0,https://cost-smart-five.vercel.app/sitemap.xml,0,0,0,0,0,0,0,0
20,https://cost-smart-five.vercel.app/solar-roi/ahmedabad/1000,Solar ROI for 1000 sq ft Roof in Ahmedabad - Detailed Report,text/html; charset=utf-8,false,200,0,https://cost-smart-five.vercel.app/sitemap.xml,0,0,0,0,0,0,0,0
20,https://cost-smart-five.vercel.app/blog/how-to-use-solar-roi-calculator,How to use the Solar ROI Calculator | CostSmart Guide,text/html; charset=utf-8,false,200,0,https://cost-smart-five.vercel.app/sitemap.xml,0,0,0,0,0,0,0,0
20,https://cost-smart-five.vercel.app/solar-roi/dhanbad/1500,Solar ROI for 1500 sq ft Roof in Dhanbad - Detailed Report,text/html; charset=utf-8,false,200,0,https://cost-smart-five.vercel.app/sitemap.xml,0,0,0,0,0,0,0,0
20,https://cost-smart-five.vercel.app/solar-roi/guwahati,Solar ROI Calculator for Guwahati - Is it Worth it in 2025?,text/html; charset=utf-8,false,200,0,https://cost-smart-five.vercel.app/sitemap.xml,0,0,0,0,0,0,0,0
20,https://cost-smart-five.vercel.app/solar-roi/pune/1000,Solar ROI for 1000 sq ft Roof in Pune - Detailed Report,text/html; charset=utf-8,false,200,0,https://cost-smart-five.vercel.app/sitemap.xml,0,0,0,0,0,0,0,0
20,https://cost-smart-five.vercel.app/blog/ultimate-guide-tds-deduction,Ultimate Guide to TDS Deduction Calculation | CostSmart,text/html; charset=utf-8,false,200,0,https://cost-smart-five.vercel.app/sitemap.xml,0,0,0,0,0,0,0,0
20,https://cost-smart-five.vercel.app/solar-roi/rajkot/5000,Solar ROI for 5000 sq ft Roof in Rajkot - Detailed Report,text/html; charset=utf-8,false,200,0,https://cost-smart-five.vercel.app/sitemap.xml,0,0,0,0,0,0,0,0
20,https://cost-smart-five.vercel.app/solar-roi/vasai,Solar ROI Calculator for Vasai-Virar - Is it Worth it in 2025?,text/html; charset=utf-8,false,200,0,https://cost-smart-five.vercel.app/sitemap.xml,0,0,0,0,0,0,0,0
20,https://cost-smart-five.vercel.app/solar-roi/ahmedabad/500,Solar ROI for 500 sq ft Roof in Ahmedabad - Detailed Report,text/html; charset=utf-8,false,200,0,https://cost-smart-five.vercel.app/sitemap.xml,0,0,0,0,0,0,0,0
20,https://cost-smart-five.vercel.app/solar-roi/bangalore/2000,Solar ROI for 2000 sq ft Roof in Bangalore - Detailed Report,text/html; charset=utf-8,false,200,0,https://cost-smart-five.vercel.app/sitemap.xml,0,0,0,0,0,0,0,0
20,https://cost-smart-five.vercel.app/solar-roi/jaipur,Solar ROI Calculator for Jaipur - Is it Worth it in 2025?,text/html; charset=utf-8,false,200,0,https://cost-smart-five.vercel.app/sitemap.xml,0,0,0,0,0,0,0,0
20,https://cost-smart-five.vercel.app/solar-roi/rajkot/500,Solar ROI for 500 sq ft Roof in Rajkot - Detailed Report,text/html; charset=utf-8,false,200,0,https://cost-smart-five.vercel.app/sitemap.xml,0,0,0,0,0,0,0,0
20,https://cost-smart-five.vercel.app/solar-roi/hubli/5000,Solar ROI for 5000 sq ft Roof in Hubli-Dharwad - Detailed Report,text/html; charset=utf-8,false,200,0,https://cost-smart-five.vercel.app/sitemap.xml,0,0,0,0,0,0,0,0
20,https://cost-smart-five.vercel.app/solar-roi/nashik/1500,Solar ROI for 1500 sq ft Roof in Nashik - Detailed Report,text/html; charset=utf-8,false,200,0,https://cost-smart-five.vercel.app/sitemap.xml,0,0,0,0,0,0,0,0
20,https://cost-smart-five.vercel.app/solar-roi/ahmedabad/1500,Solar ROI for 1500 sq ft Roof in Ahmedabad - Detailed Report,text/html; charset=utf-8,false,200,0,https://cost-smart-five.vercel.app/sitemap.xml,0,0,0,0,0,0,0,0
20,https://cost-smart-five.vercel.app/solar-roi/kota/3000,Solar ROI for 3000 sq ft Roof in Kota - Detailed Report,text/html; charset=utf-8,false,200,0,https://cost-smart-five.vercel.app/sitemap.xml,0,0,0,0,0,0,0,0
20,https://cost-smart-five.vercel.app/solar-roi/nagpur/5000,Solar ROI for 5000 sq ft Roof in Nagpur - Detailed Report,text/html; charset=utf-8,false,200,0,https://cost-smart-five.vercel.app/sitemap.xml,0,0,0,0,0,0,0,0
20,https://cost-smart-five.vercel.app/solar-roi/guwahati/5000,Solar ROI for 5000 sq ft Roof in Guwahati - Detailed Report,text/html; charset=utf-8,false,200,0,https://cost-smart-five.vercel.app/sitemap.xml,0,0,0,0,0,0,0,0
20,https://cost-smart-five.vercel.app/solar-roi/agra/3000,Solar ROI for 3000 sq ft Roof in Agra - Detailed Report,text/html; charset=utf-8,false,200,0,https://cost-smart-five.vercel.app/sitemap.xml,0,0,0,0,0,0,0,0
20,https://cost-smart-five.vercel.app/solar-roi/jabalpur,Solar ROI Calculator for Jabalpur - Is it Worth it in 2025?,text/html; charset=utf-8,false,200,0,https://cost-smart-five.vercel.app/sitemap.xml,0,0,0,0,0,0,0,0
20,https://cost-smart-five.vercel.app/solar-roi/budget/100000,"Solar System for ₹100,000 Budget - ROI & Capacity",text/html; charset=utf-8,false,200,0,https://cost-smart-five.vercel.app/sitemap.xml,0,0,0,0,0,0,0,0
20,https://cost-smart-five.vercel.app/solar-roi/chandigarh/500,Solar ROI for 500 sq ft Roof in Chandigarh - Detailed Report,text/html; charset=utf-8,false,200,0,https://cost-smart-five.vercel.app/sitemap.xml,0,0,0,0,0,0,0,0
20,https://cost-smart-five.vercel.app/solar-roi/hyderabad/1000,Solar ROI for 1000 sq ft Roof in Hyderabad - Detailed Report,text/html; charset=utf-8,false,200,0,https://cost-smart-five.vercel.app/sitemap.xml,0,0,0,0,0,0,0,0
20,https://cost-smart-five.vercel.app/blog/ultimate-guide-gst-amount,Ultimate Guide to GST Amount Calculation | CostSmart,text/html; charset=utf-8,false,200,0,https://cost-smart-five.vercel.app/sitemap.xml,0,0,0,0,0,0,0,0
20,https://cost-smart-five.vercel.app/solar-roi/mysore/5000,Solar ROI for 5000 sq ft Roof in Mysore - Detailed Report,text/html; charset=utf-8,false,200,0,https://cost-smart-five.vercel.app/sitemap.xml,0,0,0,0,0,0,0,0
20,https://cost-smart-five.vercel.app/solar-roi/navi-mumbai/2000,Solar ROI for 2000 sq ft Roof in Navi Mumbai - Detailed Report,text/html; charset=utf-8,false,200,0,https://cost-smart-five.vercel.app/sitemap.xml,0,0,0,0,0,0,0,0
20,https://cost-smart-five.vercel.app/solar-roi/ahmedabad/2000,Solar ROI for 2000 sq ft Roof in Ahmedabad - Detailed Report,text/html; charset=utf-8,false,200,0,https://cost-smart-five.vercel.app/sitemap.xml,0,0,0,0,0,0,0,0
20,https://cost-smart-five.vercel.app/solar-roi/pune/1500,Solar ROI for 1500 sq ft Roof in Pune - Detailed Report,text/html; charset=utf-8,false,200,0,https://cost-smart-five.vercel.app/sitemap.xml,0,0,0,0,0,0,0,0
20,https://cost-smart-five.vercel.app/solar-roi/ludhiana/1000,Solar ROI for 1000 sq ft Roof in Ludhiana - Detailed Report,text/html; charset=utf-8,false,200,0,https://cost-smart-five.vercel.app/sitemap.xml,0,0,0,0,0,0,0,0
20,https://cost-smart-five.vercel.app/solar-roi/mysore/2000,Solar ROI for 2000 sq ft Roof in Mysore - Detailed Report,text/html; charset=utf-8,false,200,0,https://cost-smart-five.vercel.app/sitemap.xml,0,0,0,0,0,0,0,0
20,https://cost-smart-five.vercel.app/solar-roi/faridabad/1000,Solar ROI for 1000 sq ft Roof in Faridabad - Detailed Report,text/html; charset=utf-8,false,200,0,https://cost-smart-five.vercel.app/sitemap.xml,0,0,0,0,0,0,0,0
20,https://cost-smart-five.vercel.app/blog/how-to-use-water-bill-calculator,How to use the Water Bill Calculator | CostSmart Guide,text/html; charset=utf-8,false,200,0,https://cost-smart-five.vercel.app/sitemap.xml,0,0,0,0,0,0,0,0
20,https://cost-smart-five.vercel.app/solar-roi/thane/1500,Solar ROI for 1500 sq ft Roof in Thane - Detailed Report,text/html; charset=utf-8,false,200,0,https://cost-smart-five.vercel.app/sitemap.xml,0,0,0,0,0,0,0,0
20,https://cost-smart-five.vercel.app/solar-roi/pune/2000,Solar ROI for 2000 sq ft Roof in Pune - Detailed Report,text/html; charset=utf-8,false,200,0,https://cost-smart-five.vercel.app/sitemap.xml,0,0,0,0,0,0,0,0
20,https://cost-smart-five.vercel.app/solar-roi/jaipur/1500,Solar ROI for 1500 sq ft Roof in Jaipur - Detailed Report,text/html; charset=utf-8,false,200,0,https://cost-smart-five.vercel.app/sitemap.xml,0,0,0,0,0,0,0,0
20,https://cost-smart-five.vercel.app/solar-roi/visakhapatnam/5000,Solar ROI for 5000 sq ft Roof in Visakhapatnam - Detailed Report,text/html; charset=utf-8,false,200,0,https://cost-smart-five.vercel.app/sitemap.xml,0,0,0,0,0,0,0,0
20,https://cost-smart-five.vercel.app/solar-roi/agra/500,Solar ROI for 500 sq ft Roof in Agra - Detailed Report,text/html; charset=utf-8,false,200,0,https://cost-smart-five.vercel.app/sitemap.xml,0,0,0,0,0,0,0,0
20,https://cost-smart-five.vercel.app/solar-roi/meerut/1000,Solar ROI for 1000 sq ft Roof in Meerut - Detailed Report,text/html; charset=utf-8,false,200,0,https://cost-smart-five.vercel.app/sitemap.xml,0,0,0,0,0,0,0,0
20,https://cost-smart-five.vercel.app/blog/how-to-use-business-loan-calculator,How to use the Business Loan Calculator | CostSmart Guide,text/html; charset=utf-8,false,200,0,https://cost-smart-five.vercel.app/sitemap.xml,0,0,0,0,0,0,0,0
20,https://cost-smart-five.vercel.app/solar-roi/ghaziabad/1000,Solar ROI for 1000 sq ft Roof in Ghaziabad - Detailed Report,text/html; charset=utf-8,false,200,0,https://cost-smart-five.vercel.app/sitemap.xml,0,0,0,0,0,0,0,0
20,https://cost-smart-five.vercel.app/solar-roi/coimbatore/500,Solar ROI for 500 sq ft Roof in Coimbatore - Detailed Report,text/html; charset=utf-8,false,200,0,https://cost-smart-five.vercel.app/sitemap.xml,0,0,0,0,0,0,0,0
20,https://cost-smart-five.vercel.app/solar-roi/kolkata/1000,Solar ROI for 1000 sq ft Roof in Kolkata - Detailed Report,text/html; charset=utf-8,false,200,0,https://cost-smart-five.vercel.app/sitemap.xml,0,0,0,0,0,0,0,0
20,https://cost-smart-five.vercel.app/solar-roi/kanpur/1500,Solar ROI for 1500 sq ft Roof in Kanpur - Detailed Report,text/html; charset=utf-8,false,200,0,https://cost-smart-five.vercel.app/sitemap.xml,0,0,0,0,0,0,0,0
20,https://cost-smart-five.vercel.app/blog/how-to-use-sip-calculator,How to use the SIP Calculator | CostSmart Guide,text/html; charset=utf-8,false,200,0,https://cost-smart-five.vercel.app/sitemap.xml,0,0,0,0,0,0,0,0
20,https://cost-smart-five.vercel.app/solar-roi/faridabad/2000,Solar ROI for 2000 sq ft Roof in Faridabad - Detailed Report,text/html; charset=utf-8,false,200,0,https://cost-smart-five.vercel.app/sitemap.xml,0,0,0,0,0,0,0,0
20,https://cost-smart-five.vercel.app/solar-roi/lucknow/5000,Solar ROI for 5000 sq ft Roof in Lucknow - Detailed Report,text/html; charset=utf-8,false,200,0,https://cost-smart-five.vercel.app/sitemap.xml,0,0,0,0,0,0,0,0
20,https://cost-smart-five.vercel.app/blog/how-to-use-gst-calculator,How to use the GST Calculator | CostSmart Guide,text/html; charset=utf-8,false,200,0,https://cost-smart-five.vercel.app/sitemap.xml,0,0,0,0,0,0,0,0
20,https://cost-smart-five.vercel.app/solar-roi/agra/1500,Solar ROI for 1500 sq ft Roof in Agra - Detailed Report,text/html; charset=utf-8,false,200,0,https://cost-smart-five.vercel.app/sitemap.xml,0,0,0,0,0,0,0,0
20,https://cost-smart-five.vercel.app/solar-roi/jaipur/3000,Solar ROI for 3000 sq ft Roof in Jaipur - Detailed Report,text/html; charset=utf-8,false,200,0,https://cost-smart-five.vercel.app/sitemap.xml,0,0,0,0,0,0,0,0
20,https://cost-smart-five.vercel.app/solar-roi/mumbai/3000,Solar ROI for 3000 sq ft Roof in Mumbai - Detailed Report,text/html; charset=utf-8,false,200,0,https://cost-smart-five.vercel.app/sitemap.xml,0,0,0,0,0,0,0,0
20,https://cost-smart-five.vercel.app/solar-roi/surat,Solar ROI Calculator for Surat - Is it Worth it in 2025?,text/html; charset=utf-8,false,200,0,https://cost-smart-five.vercel.app/sitemap.xml,0,0,0,0,0,0,0,0
20,https://cost-smart-five.vercel.app/solar-roi/jodhpur/1000,Solar ROI for 1000 sq ft Roof in Jodhpur - Detailed Report,text/html; charset=utf-8,false,200,0,https://cost-smart-five.vercel.app/sitemap.xml,0,0,0,0,0,0,0,0
20,https://cost-smart-five.vercel.app/solar-roi/rajkot/2000,Solar ROI for 2000 sq ft Roof in Rajkot - Detailed Report,text/html; charset=utf-8,false,200,0,https://cost-smart-five.vercel.app/sitemap.xml,0,0,0,0,0,0,0,0
20,https://cost-smart-five.vercel.app/blog/how-to-use-freelance-rate-calculator,How to use the Freelance Rate Calculator | CostSmart Guide,text/html; charset=utf-8,false,200,0,https://cost-smart-five.vercel.app/sitemap.xml,0,0,0,0,0,0,0,0
20,https://cost-smart-five.vercel.app/solar-roi/patna/500,Solar ROI for 500 sq ft Roof in Patna - Detailed Report,text/html; charset=utf-8,false,200,0,https://cost-smart-five.vercel.app/sitemap.xml,0,0,0,0,0,0,0,0
20,https://cost-smart-five.vercel.app/solar-roi/bangalore/5000,Solar ROI for 5000 sq ft Roof in Bangalore - Detailed Report,text/html; charset=utf-8,false,200,0,https://cost-smart-five.vercel.app/sitemap.xml,0,0,0,0,0,0,0,0
20,https://cost-smart-five.vercel.app/solar-roi/coimbatore,Solar ROI Calculator for Coimbatore - Is it Worth it in 2025?,text/html; charset=utf-8,false,200,0,https://cost-smart-five.vercel.app/sitemap.xml,0,0,0,0,0,0,0,0
20,https://cost-smart-five.vercel.app/solar-roi/roof/3000,Solar ROI for 3000 sq ft Roof - Calculation & Cost,text/html; charset=utf-8,false,200,0,https://cost-smart-five.vercel.app/sitemap.xml,0,0,0,0,0,0,0,0
20,https://cost-smart-five.vercel.app/blog/how-to-use-stamp-duty-calculator,How to use the Stamp Duty Calculator | CostSmart Guide,text/html; charset=utf-8,false,200,0,https://cost-smart-five.vercel.app/sitemap.xml,0,0,0,0,0,0,0,0
20,https://cost-smart-five.vercel.app/blog/ultimate-guide-emergency-fund,Ultimate Guide to Emergency Fund Calculation | CostSmart,text/html; charset=utf-8,false,200,0,https://cost-smart-five.vercel.app/sitemap.xml,0,0,0,0,0,0,0,0
20,https://cost-smart-five.vercel.app/solar-roi/aurangabad/3000,Solar ROI for 3000 sq ft Roof in Aurangabad - Detailed Report,text/html; charset=utf-8,false,200,0,https://cost-smart-five.vercel.app/sitemap.xml,0,0,0,0,0,0,0,0
20,https://cost-smart-five.vercel.app/solar-roi/delhi/2000,Solar ROI for 2000 sq ft Roof in Delhi - Detailed Report,text/html; charset=utf-8,false,200,0,https://cost-smart-five.vercel.app/sitemap.xml,0,0,0,0,0,0,0,0
20,https://cost-smart-five.vercel.app/solar-roi/mumbai/1000,Solar ROI for 1000 sq ft Roof in Mumbai - Detailed Report,text/html; charset=utf-8,false,200,0,https://cost-smart-five.vercel.app/sitemap.xml,0,0,0,0,0,0,0,0
20,https://cost-smart-five.vercel.app/solar-roi/gwalior/2000,Solar ROI for 2000 sq ft Roof in Gwalior - Detailed Report,text/html; charset=utf-8,false,200,0,https://cost-smart-five.vercel.app/sitemap.xml,0,0,0,0,0,0,0,0
20,https://cost-smart-five.vercel.app/solar-roi/visakhapatnam/2000,Solar ROI for 2000 sq ft Roof in Visakhapatnam - Detailed Report,text/html; charset=utf-8,false,200,0,https://cost-smart-five.vercel.app/sitemap.xml,0,0,0,0,0,0,0,0
20,https://cost-smart-five.vercel.app/solar-roi/hyderabad/5000,Solar ROI for 5000 sq ft Roof in Hyderabad - Detailed Report,text/html; charset=utf-8,false,200,0,https://cost-smart-five.vercel.app/sitemap.xml,0,0,0,0,0,0,0,0
20,https://cost-smart-five.vercel.app/solar-roi/raipur/1500,Solar ROI for 1500 sq ft Roof in Raipur - Detailed Report,text/html; charset=utf-8,false,200,0,https://cost-smart-five.vercel.app/sitemap.xml,0,0,0,0,0,0,0,0
20,https://cost-smart-five.vercel.app/solar-roi/bhopal/500,Solar ROI for 500 sq ft Roof in Bhopal - Detailed Report,text/html; charset=utf-8,false,200,0,https://cost-smart-five.vercel.app/sitemap.xml,0,0,0,0,0,0,0,0
20,https://cost-smart-five.vercel.app/solar-roi/jabalpur/2000,Solar ROI for 2000 sq ft Roof in Jabalpur - Detailed Report,text/html; charset=utf-8,false,200,0,https://cost-smart-five.vercel.app/sitemap.xml,0,0,0,0,0,0,0,0
20,https://cost-smart-five.vercel.app/solar-roi/jodhpur/2000,Solar ROI for 2000 sq ft Roof in Jodhpur - Detailed Report,text/html; charset=utf-8,false,200,0,https://cost-smart-five.vercel.app/sitemap.xml,0,0,0,0,0,0,0,0
20,https://cost-smart-five.vercel.app/solar-roi/visakhapatnam/1500,Solar ROI for 1500 sq ft Roof in Visakhapatnam - Detailed Report,text/html; charset=utf-8,false,200,0,https://cost-smart-five.vercel.app/sitemap.xml,0,0,0,0,0,0,0,0
20,https://cost-smart-five.vercel.app/solar-roi/budget/500000,"Solar System for ₹500,000 Budget - ROI & Capacity",text/html; charset=utf-8,false,200,0,https://cost-smart-five.vercel.app/sitemap.xml,0,0,0,0,0,0,0,0
20,https://cost-smart-five.vercel.app/solar-roi/navi-mumbai/3000,Solar ROI for 3000 sq ft Roof in Navi Mumbai - Detailed Report,text/html; charset=utf-8,false,200,0,https://cost-smart-five.vercel.app/sitemap.xml,0,0,0,0,0,0,0,0
20,https://cost-smart-five.vercel.app/solar-roi/allahabad/1500,Solar ROI for 1500 sq ft Roof in Allahabad - Detailed Report,text/html; charset=utf-8,false,200,0,https://cost-smart-five.vercel.app/sitemap.xml,0,0,0,0,0,0,0,0
20,https://cost-smart-five.vercel.app/solar-roi/roof/500,Solar ROI for 500 sq ft Roof - Calculation & Cost,text/html; charset=utf-8,false,200,0,https://cost-smart-five.vercel.app/sitemap.xml,0,0,0,0,0,0,0,0
20,https://cost-smart-five.vercel.app/solar-roi/chandigarh/5000,Solar ROI for 5000 sq ft Roof in Chandigarh - Detailed Report,text/html; charset=utf-8,false,200,0,https://cost-smart-five.vercel.app/sitemap.xml,0,0,0,0,0,0,0,0
20,https://cost-smart-five.vercel.app/solar-roi/gwalior/5000,Solar ROI for 5000 sq ft Roof in Gwalior - Detailed Report,text/html; charset=utf-8,false,200,0,https://cost-smart-five.vercel.app/sitemap.xml,0,0,0,0,0,0,0,0
20,https://cost-smart-five.vercel.app/solar-roi/chennai/5000,Solar ROI for 5000 sq ft Roof in Chennai - Detailed Report,text/html; charset=utf-8,false,200,0,https://cost-smart-five.vercel.app/sitemap.xml,0,0,0,0,0,0,0,0
20,https://cost-smart-five.vercel.app/solar-roi/ludhiana/2000,Solar ROI for 2000 sq ft Roof in Ludhiana - Detailed Report,text/html; charset=utf-8,false,200,0,https://cost-smart-five.vercel.app/sitemap.xml,0,0,0,0,0,0,0,0
20,https://cost-smart-five.vercel.app/solar-roi/hubli/2000,Solar ROI for 2000 sq ft Roof in Hubli-Dharwad - Detailed Report,text/html; charset=utf-8,false,200,0,https://cost-smart-five.vercel.app/sitemap.xml,0,0,0,0,0,0,0,0
20,https://cost-smart-five.vercel.app/solar-roi/indore,Solar ROI Calculator for Indore - Is it Worth it in 2025?,text/html; charset=utf-8,false,200,0,https://cost-smart-five.vercel.app/sitemap.xml,0,0,0,0,0,0,0,0
20,https://cost-smart-five.vercel.app/blog/how-to-use-property-tax-calculator,How to use the Property Tax Calculator | CostSmart Guide,text/html; charset=utf-8,false,200,0,https://cost-smart-five.vercel.app/sitemap.xml,0,0,0,0,0,0,0,0
20,https://cost-smart-five.vercel.app/solar-roi/vasai/2000,Solar ROI for 2000 sq ft Roof in Vasai-Virar - Detailed Report,text/html; charset=utf-8,false,200,0,https://cost-smart-five.vercel.app/sitemap.xml,0,0,0,0,0,0,0,0
20,https://cost-smart-five.vercel.app/solar-roi/hubli/3000,Solar ROI for 3000 sq ft Roof in Hubli-Dharwad - Detailed Report,text/html; charset=utf-8,false,200,0,https://cost-smart-five.vercel.app/sitemap.xml,0,0,0,0,0,0,0,0
20,https://cost-smart-five.vercel.app/solar-roi/chennai/500,Solar ROI for 500 sq ft Roof in Chennai - Detailed Report,text/html; charset=utf-8,false,200,0,https://cost-smart-five.vercel.app/sitemap.xml,0,0,0,0,0,0,0,0
20,https://cost-smart-five.vercel.app/solar-roi/ranchi/5000,Solar ROI for 5000 sq ft Roof in Ranchi - Detailed Report,text/html; charset=utf-8,false,200,0,https://cost-smart-five.vercel.app/sitemap.xml,0,0,0,0,0,0,0,0
20,https://cost-smart-five.vercel.app/solar-roi/nashik/1000,Solar ROI for 1000 sq ft Roof in Nashik - Detailed Report,text/html; charset=utf-8,false,200,0,https://cost-smart-five.vercel.app/sitemap.xml,0,0,0,0,0,0,0,0
20,https://cost-smart-five.vercel.app/solar-roi/solapur/5000,Solar ROI for 5000 sq ft Roof in Solapur - Detailed Report,text/html; charset=utf-8,false,200,0,https://cost-smart-five.vercel.app/sitemap.xml,0,0,0,0,0,0,0,0
20,https://cost-smart-five.vercel.app/solar-roi/solapur/1000,Solar ROI for 1000 sq ft Roof in Solapur - Detailed Report,text/html; charset=utf-8,false,200,0,https://cost-smart-five.vercel.app/sitemap.xml,0,0,0,0,0,0,0,0
20,https://cost-smart-five.vercel.app/solar-roi/mysore/500,Solar ROI for 500 sq ft Roof in Mysore - Detailed Report,text/html; charset=utf-8,false,200,0,https://cost-smart-five.vercel.app/sitemap.xml,0,0,0,0,0,0,0,0
20,https://cost-smart-five.vercel.app/solar-roi/meerut/1500,Solar ROI for 1500 sq ft Roof in Meerut - Detailed Report,text/html; charset=utf-8,false,200,0,https://cost-smart-five.vercel.app/sitemap.xml,0,0,0,0,0,0,0,0
20,https://cost-smart-five.vercel.app/blog/how-to-use-home-renovation-cost-estimator,"CostSmart - Free Financial Calculators | EMI, SIP, Tax, Loan & More",text/html; charset=utf-8,false,200,0,https://cost-smart-five.vercel.app/sitemap.xml,0,0,0,0,0,0,0,0
20,https://cost-smart-five.vercel.app/solar-roi/solapur/1500,Solar ROI for 1500 sq ft Roof in Solapur - Detailed Report,text/html; charset=utf-8,false,200,0,https://cost-smart-five.vercel.app/sitemap.xml,0,0,0,0,0,0,0,0
20,https://cost-smart-five.vercel.app/solar-roi/chandigarh,Solar ROI Calculator for Chandigarh - Is it Worth it in 2025?,text/html; charset=utf-8,false,200,0,https://cost-smart-five.vercel.app/sitemap.xml,0,0,0,0,0,0,0,0
20,https://cost-smart-five.vercel.app/solar-roi/dhanbad/2000,Solar ROI for 2000 sq ft Roof in Dhanbad - Detailed Report,text/html; charset=utf-8,false,200,0,https://cost-smart-five.vercel.app/sitemap.xml,0,0,0,0,0,0,0,0
20,https://cost-smart-five.vercel.app/solar-roi/kota/1000,Solar ROI for 1000 sq ft Roof in Kota - Detailed Report,text/html; charset=utf-8,false,200,0,https://cost-smart-five.vercel.app/sitemap.xml,0,0,0,0,0,0,0,0
20,https://cost-smart-five.vercel.app/blog/how-to-use-tds-calculator,How to use the TDS Calculator | CostSmart Guide,text/html; charset=utf-8,false,200,0,https://cost-smart-five.vercel.app/sitemap.xml,0,0,0,0,0,0,0,0
20,https://cost-smart-five.vercel.app/solar-roi/jaipur/2000,Solar ROI for 2000 sq ft Roof in Jaipur - Detailed Report,text/html; charset=utf-8,false,200,0,https://cost-smart-five.vercel.app/sitemap.xml,0,0,0,0,0,0,0,0
20,https://cost-smart-five.vercel.app/solar-roi/bangalore/1500,Solar ROI for 1500 sq ft Roof in Bangalore - Detailed Report,text/html; charset=utf-8,false,200,0,https://cost-smart-five.vercel.app/sitemap.xml,0,0,0,0,0,0,0,0
20,https://cost-smart-five.vercel.app/solar-roi/kolkata/5000,Solar ROI for 5000 sq ft Roof in Kolkata - Detailed Report,text/html; charset=utf-8,false,200,0,https://cost-smart-five.vercel.app/sitemap.xml,0,0,0,0,0,0,0,0
20,https://cost-smart-five.vercel.app/solar-roi/meerut,Solar ROI Calculator for Meerut - Is it Worth it in 2025?,text/html; charset=utf-8,false,200,0,https://cost-smart-five.vercel.app/sitemap.xml,0,0,0,0,0,0,0,0
20,https://cost-smart-five.vercel.app/solar-roi/guwahati/2000,Solar ROI for 2000 sq ft Roof in Guwahati - Detailed Report,text/html; charset=utf-8,false,200,0,https://cost-smart-five.vercel.app/sitemap.xml,0,0,0,0,0,0,0,0
20,https://cost-smart-five.vercel.app/solar-roi/raipur/500,Solar ROI for 500 sq ft Roof in Raipur - Detailed Report,text/html; charset=utf-8,false,200,0,https://cost-smart-five.vercel.app/sitemap.xml,0,0,0,0,0,0,0,0
20,https://cost-smart-five.vercel.app/solar-roi/kota/1500,Solar ROI for 1500 sq ft Roof in Kota - Detailed Report,text/html; charset=utf-8,false,200,0,https://cost-smart-five.vercel.app/sitemap.xml,0,0,0,0,0,0,0,0
20,https://cost-smart-five.vercel.app/solar-roi/varanasi/5000,Solar ROI for 5000 sq ft Roof in Varanasi - Detailed Report,text/html; charset=utf-8,false,200,0,https://cost-smart-five.vercel.app/sitemap.xml,0,0,0,0,0,0,0,0
20,https://cost-smart-five.vercel.app/solar-roi/lucknow/1000,Solar ROI for 1000 sq ft Roof in Lucknow - Detailed Report,text/html; charset=utf-8,false,200,0,https://cost-smart-five.vercel.app/sitemap.xml,0,0,0,0,0,0,0,0
20,https://cost-smart-five.vercel.app/solar-roi/indore/3000,Solar ROI for 3000 sq ft Roof in Indore - Detailed Report,text/html; charset=utf-8,false,200,0,https://cost-smart-five.vercel.app/sitemap.xml,0,0,0,0,0,0,0,0
20,https://cost-smart-five.vercel.app/solar-roi/patna/1000,Solar ROI for 1000 sq ft Roof in Patna - Detailed Report,text/html; charset=utf-8,false,200,0,https://cost-smart-five.vercel.app/sitemap.xml,0,0,0,0,0,0,0,0
20,https://cost-smart-five.vercel.app/blog/ultimate-guide-import-duty,Ultimate Guide to Import Duty Calculation | CostSmart,text/html; charset=utf-8,false,200,0,https://cost-smart-five.vercel.app/sitemap.xml,0,0,0,0,0,0,0,0
20,https://cost-smart-five.vercel.app/blog/ultimate-guide-property-registration-cost,Ultimate Guide to Property Registration Cost Calculation | CostSmart,text/html; charset=utf-8,false,200,0,https://cost-smart-five.vercel.app/sitemap.xml,0,0,0,0,0,0,0,0
20,https://cost-smart-five.vercel.app/solar-roi/vijayawada/3000,Solar ROI for 3000 sq ft Roof in Vijayawada - Detailed Report,text/html; charset=utf-8,false,200,0,https://cost-smart-five.vercel.app/sitemap.xml,0,0,0,0,0,0,0,0
20,https://cost-smart-five.vercel.app/blog/how-to-use-lpg-subsidy-calculator,How to use the LPG Subsidy Calculator | CostSmart Guide,text/html; charset=utf-8,false,200,0,https://cost-smart-five.vercel.app/sitemap.xml,0,0,0,0,0,0,0,0
20,https://cost-smart-five.vercel.app/solar-roi/allahabad/1000,Solar ROI for 1000 sq ft Roof in Allahabad - Detailed Report,text/html; charset=utf-8,false,200,0,https://cost-smart-five.vercel.app/sitemap.xml,0,0,0,0,0,0,0,0
20,https://cost-smart-five.vercel.app/solar-roi/dhanbad/500,Solar ROI for 500 sq ft Roof in Dhanbad - Detailed Report,text/html; charset=utf-8,false,200,0,https://cost-smart-five.vercel.app/sitemap.xml,0,0,0,0,0,0,0,0
20,https://cost-smart-five.vercel.app/solar-roi/aurangabad,Solar ROI Calculator for Aurangabad - Is it Worth it in 2025?,text/html; charset=utf-8,false,200,0,https://cost-smart-five.vercel.app/sitemap.xml,0,0,0,0,0,0,0,0
20,https://cost-smart-five.vercel.app/solar-roi/ghaziabad/500,Solar ROI for 500 sq ft Roof in Ghaziabad - Detailed Report,text/html; charset=utf-8,false,200,0,https://cost-smart-five.vercel.app/sitemap.xml,0,0,0,0,0,0,0,0
20,https://cost-smart-five.vercel.app/solar-roi/jodhpur/5000,Solar ROI for 5000 sq ft Roof in Jodhpur - Detailed Report,text/html; charset=utf-8,false,200,0,https://cost-smart-five.vercel.app/sitemap.xml,0,0,0,0,0,0,0,0
20,https://cost-smart-five.vercel.app/solar-roi/howrah/1000,Solar ROI for 1000 sq ft Roof in Howrah - Detailed Report,text/html; charset=utf-8,false,200,0,https://cost-smart-five.vercel.app/sitemap.xml,0,0,0,0,0,0,0,0
20,https://cost-smart-five.vercel.app/solar-roi/thane,Solar ROI Calculator for Thane - Is it Worth it in 2025?,text/html; charset=utf-8,false,200,0,https://cost-smart-five.vercel.app/sitemap.xml,0,0,0,0,0,0,0,0
20,https://cost-smart-five.vercel.app/solar-roi/chandigarh/1000,Solar ROI for 1000 sq ft Roof in Chandigarh - Detailed Report,text/html; charset=utf-8,false,200,0,https://cost-smart-five.vercel.app/sitemap.xml,0,0,0,0,0,0,0,0
20,https://cost-smart-five.vercel.app/solar-roi/amritsar/1000,Solar ROI for 1000 sq ft Roof in Amritsar - Detailed Report,text/html; charset=utf-8,false,200,0,https://cost-smart-five.vercel.app/sitemap.xml,0,0,0,0,0,0,0,0
20,https://cost-smart-five.vercel.app/solar-roi/madurai/3000,Solar ROI for 3000 sq ft Roof in Madurai - Detailed Report,text/html; charset=utf-8,false,200,0,https://cost-smart-five.vercel.app/sitemap.xml,0,0,0,0,0,0,0,0
20,https://cost-smart-five.vercel.app/solar-roi/solapur/3000,Solar ROI for 3000 sq ft Roof in Solapur - Detailed Report,text/html; charset=utf-8,false,200,0,https://cost-smart-five.vercel.app/sitemap.xml,0,0,0,0,0,0,0,0
20,https://cost-smart-five.vercel.app/solar-roi/jabalpur/5000,Solar ROI for 5000 sq ft Roof in Jabalpur - Detailed Report,text/html; charset=utf-8,false,200,0,https://cost-smart-five.vercel.app/sitemap.xml,0,0,0,0,0,0,0,0
20,https://cost-smart-five.vercel.app/solar-roi/nashik/5000,Solar ROI for 5000 sq ft Roof in Nashik - Detailed Report,text/html; charset=utf-8,false,200,0,https://cost-smart-five.vercel.app/sitemap.xml,0,0,0,0,0,0,0,0
20,https://cost-smart-five.vercel.app/solar-roi/jabalpur/1500,Solar ROI for 1500 sq ft Roof in Jabalpur - Detailed Report,text/html; charset=utf-8,false,200,0,https://cost-smart-five.vercel.app/sitemap.xml,0,0,0,0,0,0,0,0
20,https://cost-smart-five.vercel.app/solar-roi/hubli/500,Solar ROI for 500 sq ft Roof in Hubli-Dharwad - Detailed Report,text/html; charset=utf-8,false,200,0,https://cost-smart-five.vercel.app/sitemap.xml,0,0,0,0,0,0,0,0
20,https://cost-smart-five.vercel.app/solar-roi/ranchi/500,Solar ROI for 500 sq ft Roof in Ranchi - Detailed Report,text/html; charset=utf-8,false,200,0,https://cost-smart-five.vercel.app/sitemap.xml,0,0,0,0,0,0,0,0
20,https://cost-smart-five.vercel.app/solar-roi/chennai/2000,Solar ROI for 2000 sq ft Roof in Chennai - Detailed Report,text/html; charset=utf-8,false,200,0,https://cost-smart-five.vercel.app/sitemap.xml,0,0,0,0,0,0,0,0
20,https://cost-smart-five.vercel.app/blog/home-loan-prepayment-benefits,How Home Loan Prepayment Saves You Lakhs,text/html; charset=utf-8,false,200,0,https://cost-smart-five.vercel.app/sitemap.xml,0,0,0,0,0,0,0,0
20,https://cost-smart-five.vercel.app/solar-roi/vadodara/3000,Solar ROI for 3000 sq ft Roof in Vadodara - Detailed Report,text/html; charset=utf-8,false,200,0,https://cost-smart-five.vercel.app/sitemap.xml,0,0,0,0,0,0,0,0
20,https://cost-smart-five.vercel.app/solar-roi/guwahati/1000,Solar ROI for 1000 sq ft Roof in Guwahati - Detailed Report,text/html; charset=utf-8,false,200,0,https://cost-smart-five.vercel.app/sitemap.xml,0,0,0,0,0,0,0,0
20,https://cost-smart-five.vercel.app/solar-roi/allahabad/2000,Solar ROI for 2000 sq ft Roof in Allahabad - Detailed Report,text/html; charset=utf-8,false,200,0,https://cost-smart-five.vercel.app/sitemap.xml,0,0,0,0,0,0,0,0
20,https://cost-smart-five.vercel.app/solar-roi/roof/1500,Solar ROI for 1500 sq ft Roof - Calculation & Cost,text/html; charset=utf-8,false,200,0,https://cost-smart-five.vercel.app/sitemap.xml,0,0,0,0,0,0,0,0
20,https://cost-smart-five.vercel.app/solar-roi/indore/1000,Solar ROI for 1000 sq ft Roof in Indore - Detailed Report,text/html; charset=utf-8,false,200,0,https://cost-smart-five.vercel.app/sitemap.xml,0,0,0,0,0,0,0,0
20,https://cost-smart-five.vercel.app/solar-roi/agra/1000,Solar ROI for 1000 sq ft Roof in Agra - Detailed Report,text/html; charset=utf-8,false,200,0,https://cost-smart-five.vercel.app/sitemap.xml,0,0,0,0,0,0,0,0
20,https://cost-smart-five.vercel.app/solar-roi/dhanbad/1000,Solar ROI for 1000 sq ft Roof in Dhanbad - Detailed Report,text/html; charset=utf-8,false,200,0,https://cost-smart-five.vercel.app/sitemap.xml,0,0,0,0,0,0,0,0
20,https://cost-smart-five.vercel.app/blog/how-to-use-gst-input-credit-calculator,How to use the GST Input Credit Calculator | CostSmart Guide,text/html; charset=utf-8,false,200,0,https://cost-smart-five.vercel.app/sitemap.xml,0,0,0,0,0,0,0,0
20,https://cost-smart-five.vercel.app/solar-roi/navi-mumbai/1000,Solar ROI for 1000 sq ft Roof in Navi Mumbai - Detailed Report,text/html; charset=utf-8,false,200,0,https://cost-smart-five.vercel.app/sitemap.xml,0,0,0,0,0,0,0,0
20,https://cost-smart-five.vercel.app/solar-roi/aurangabad/1500,Solar ROI for 1500 sq ft Roof in Aurangabad - Detailed Report,text/html; charset=utf-8,false,200,0,https://cost-smart-five.vercel.app/sitemap.xml,0,0,0,0,0,0,0,0
20,https://cost-smart-five.vercel.app/solar-roi/surat/3000,Solar ROI for 3000 sq ft Roof in Surat - Detailed Report,text/html; charset=utf-8,false,200,0,https://cost-smart-five.vercel.app/sitemap.xml,0,0,0,0,0,0,0,0
20,https://cost-smart-five.vercel.app/blog/how-to-use-invoice-generator,How to use the Invoice Generator | CostSmart Guide,text/html; charset=utf-8,false,200,0,https://cost-smart-five.vercel.app/sitemap.xml,0,0,0,0,0,0,0,0
20,https://cost-smart-five.vercel.app/solar-roi/vadodara/500,Solar ROI for 500 sq ft Roof in Vadodara - Detailed Report,text/html; charset=utf-8,false,200,0,https://cost-smart-five.vercel.app/sitemap.xml,0,0,0,0,0,0,0,0
20,https://cost-smart-five.vercel.app/solar-roi/surat/1500,Solar ROI for 1500 sq ft Roof in Surat - Detailed Report,text/html; charset=utf-8,false,200,0,https://cost-smart-five.vercel.app/sitemap.xml,0,0,0,0,0,0,0,0
20,https://cost-smart-five.vercel.app/solar-roi/pune/3000,Solar ROI for 3000 sq ft Roof in Pune - Detailed Report,text/html; charset=utf-8,false,200,0,https://cost-smart-five.vercel.app/sitemap.xml,0,0,0,0,0,0,0,0
20,https://cost-smart-five.vercel.app/solar-roi/dhanbad/3000,Solar ROI for 3000 sq ft Roof in Dhanbad - Detailed Report,text/html; charset=utf-8,false,200,0,https://cost-smart-five.vercel.app/sitemap.xml,0,0,0,0,0,0,0,0
20,https://cost-smart-five.vercel.app/blog/ultimate-guide-solar-savings,Ultimate Guide to Solar Savings Calculation | CostSmart,text/html; charset=utf-8,false,200,0,https://cost-smart-five.vercel.app/sitemap.xml,0,0,0,0,0,0,0,0
20,https://cost-smart-five.vercel.app/solar-roi/faridabad/3000,Solar ROI for 3000 sq ft Roof in Faridabad - Detailed Report,text/html; charset=utf-8,false,200,0,https://cost-smart-five.vercel.app/sitemap.xml,0,0,0,0,0,0,0,0
20,https://cost-smart-five.vercel.app/solar-roi/pune/500,Solar ROI for 500 sq ft Roof in Pune - Detailed Report,text/html; charset=utf-8,false,200,0,https://cost-smart-five.vercel.app/sitemap.xml,0,0,0,0,0,0,0,0
20,https://cost-smart-five.vercel.app/solar-roi/madurai,Solar ROI Calculator for Madurai - Is it Worth it in 2025?,text/html; charset=utf-8,false,200,0,https://cost-smart-five.vercel.app/sitemap.xml,0,0,0,0,0,0,0,0
20,https://cost-smart-five.vercel.app/solar-roi/kolkata/3000,Solar ROI for 3000 sq ft Roof in Kolkata - Detailed Report,text/html; charset=utf-8,false,200,0,https://cost-smart-five.vercel.app/sitemap.xml,0,0,0,0,0,0,0,0
20,https://cost-smart-five.vercel.app/solar-roi/vijayawada,Solar ROI Calculator for Vijayawada - Is it Worth it in 2025?,text/html; charset=utf-8,false,200,0,https://cost-smart-five.vercel.app/sitemap.xml,0,0,0,0,0,0,0,0
20,https://cost-smart-five.vercel.app/solar-roi/kalyan/5000,Solar ROI for 5000 sq ft Roof in Kalyan-Dombivli - Detailed Report,text/html; charset=utf-8,false,200,0,https://cost-smart-five.vercel.app/sitemap.xml,0,0,0,0,0,0,0,0
20,https://cost-smart-five.vercel.app/solar-roi/mysore/1500,Solar ROI for 1500 sq ft Roof in Mysore - Detailed Report,text/html; charset=utf-8,false,200,0,https://cost-smart-five.vercel.app/sitemap.xml,0,0,0,0,0,0,0,0
20,https://cost-smart-five.vercel.app/solar-roi/budget/300000,"Solar System for ₹300,000 Budget - ROI & Capacity",text/html; charset=utf-8,false,200,0,https://cost-smart-five.vercel.app/sitemap.xml,0,0,0,0,0,0,0,0
20,https://cost-smart-five.vercel.app/compare/emi-vs-sip,EMI vs SIP Calculator | Pay Loan or Invest? | CostSmart,text/html; charset=utf-8,false,200,0,https://cost-smart-five.vercel.app/sitemap.xml,0,0,0,0,0,0,0,0
20,https://cost-smart-five.vercel.app/solar-roi/srinagar/2000,Solar ROI for 2000 sq ft Roof in Srinagar - Detailed Report,text/html; charset=utf-8,false,200,0,https://cost-smart-five.vercel.app/sitemap.xml,0,0,0,0,0,0,0,0
20,https://cost-smart-five.vercel.app/solar-roi/mumbai/2000,Solar ROI for 2000 sq ft Roof in Mumbai - Detailed Report,text/html; charset=utf-8,false,200,0,https://cost-smart-five.vercel.app/sitemap.xml,0,0,0,0,0,0,0,0
20,https://cost-smart-five.vercel.app/blog/ultimate-guide-ppf-maturity,Ultimate Guide to PPF Maturity Calculation | CostSmart,text/html; charset=utf-8,false,200,0,https://cost-smart-five.vercel.app/sitemap.xml,0,0,0,0,0,0,0,0
20,https://cost-smart-five.vercel.app/solar-roi/chandigarh/2000,Solar ROI for 2000 sq ft Roof in Chandigarh - Detailed Report,text/html; charset=utf-8,false,200,0,https://cost-smart-five.vercel.app/sitemap.xml,0,0,0,0,0,0,0,0
20,https://cost-smart-five.vercel.app/solar-roi/guwahati/500,Solar ROI for 500 sq ft Roof in Guwahati - Detailed Report,text/html; charset=utf-8,false,200,0,https://cost-smart-five.vercel.app/sitemap.xml,0,0,0,0,0,0,0,0
20,https://cost-smart-five.vercel.app/solar-roi/kolkata/1500,Solar ROI for 1500 sq ft Roof in Kolkata - Detailed Report,text/html; charset=utf-8,false,200,0,https://cost-smart-five.vercel.app/sitemap.xml,0,0,0,0,0,0,0,0
20,https://cost-smart-five.vercel.app/solar-roi/jabalpur/3000,Solar ROI for 3000 sq ft Roof in Jabalpur - Detailed Report,text/html; charset=utf-8,false,200,0,https://cost-smart-five.vercel.app/sitemap.xml,0,0,0,0,0,0,0,0
20,https://cost-smart-five.vercel.app/solar-roi/pune/5000,Solar ROI for 5000 sq ft Roof in Pune - Detailed Report,text/html; charset=utf-8,false,200,0,https://cost-smart-five.vercel.app/sitemap.xml,0,0,0,0,0,0,0,0
20,https://cost-smart-five.vercel.app/solar-roi/amritsar/5000,Solar ROI for 5000 sq ft Roof in Amritsar - Detailed Report,text/html; charset=utf-8,false,200,0,https://cost-smart-five.vercel.app/sitemap.xml,0,0,0,0,0,0,0,0
20,https://cost-smart-five.vercel.app/solar-roi/madurai/500,Solar ROI for 500 sq ft Roof in Madurai - Detailed Report,text/html; charset=utf-8,false,200,0,https://cost-smart-five.vercel.app/sitemap.xml,0,0,0,0,0,0,0,0
20,https://cost-smart-five.vercel.app/solar-roi/delhi/5000,Solar ROI for 5000 sq ft Roof in Delhi - Detailed Report,text/html; charset=utf-8,false,200,0,https://cost-smart-five.vercel.app/sitemap.xml,0,0,0,0,0,0,0,0
20,https://cost-smart-five.vercel.app/solar-roi/kalyan/1000,Solar ROI for 1000 sq ft Roof in Kalyan-Dombivli - Detailed Report,text/html; charset=utf-8,false,200,0,https://cost-smart-five.vercel.app/sitemap.xml,0,0,0,0,0,0,0,0
20,https://cost-smart-five.vercel.app/solar-roi/gwalior/1000,Solar ROI for 1000 sq ft Roof in Gwalior - Detailed Report,text/html; charset=utf-8,false,200,0,https://cost-smart-five.vercel.app/sitemap.xml,0,0,0,0,0,0,0,0
20,https://cost-smart-five.vercel.app/solar-roi/gwalior/1500,Solar ROI for 1500 sq ft Roof in Gwalior - Detailed Report,text/html; charset=utf-8,false,200,0,https://cost-smart-five.vercel.app/sitemap.xml,0,0,0,0,0,0,0,0
20,https://cost-smart-five.vercel.app/solar-roi/howrah/1500,Solar ROI for 1500 sq ft Roof in Howrah - Detailed Report,text/html; charset=utf-8,false,200,0,https://cost-smart-five.vercel.app/sitemap.xml,0,0,0,0,0,0,0,0
20,https://cost-smart-five.vercel.app/solar-roi/varanasi,Solar ROI Calculator for Varanasi - Is it Worth it in 2025?,text/html; charset=utf-8,false,200,0,https://cost-smart-five.vercel.app/sitemap.xml,0,0,0,0,0,0,0,0
20,https://cost-smart-five.vercel.app/solar-roi/srinagar/3000,Solar ROI for 3000 sq ft Roof in Srinagar - Detailed Report,text/html; charset=utf-8,false,200,0,https://cost-smart-five.vercel.app/sitemap.xml,0,0,0,0,0,0,0,0
20,https://cost-smart-five.vercel.app/solar-roi/nagpur,Solar ROI Calculator for Nagpur - Is it Worth it in 2025?,text/html; charset=utf-8,false,200,0,https://cost-smart-five.vercel.app/sitemap.xml,0,0,0,0,0,0,0,0
20,https://cost-smart-five.vercel.app/solar-roi/vasai/3000,Solar ROI for 3000 sq ft Roof in Vasai-Virar - Detailed Report,text/html; charset=utf-8,false,200,0,https://cost-smart-five.vercel.app/sitemap.xml,0,0,0,0,0,0,0,0
20,https://cost-smart-five.vercel.app/blog/how-to-use-profit-margin-calculator,How to use the Profit Margin Calculator | CostSmart Guide,text/html; charset=utf-8,false,200,0,https://cost-smart-five.vercel.app/sitemap.xml,0,0,0,0,0,0,0,0
20,https://cost-smart-five.vercel.app/solar-roi/delhi/500,Solar ROI for 500 sq ft Roof in Delhi - Detailed Report,text/html; charset=utf-8,false,200,0,https://cost-smart-five.vercel.app/sitemap.xml,0,0,0,0,0,0,0,0
20,https://cost-smart-five.vercel.app/solar-roi/mysore/3000,Solar ROI for 3000 sq ft Roof in Mysore - Detailed Report,text/html; charset=utf-8,false,200,0,https://cost-smart-five.vercel.app/sitemap.xml,0,0,0,0,0,0,0,0
20,https://cost-smart-five.vercel.app/solar-roi/meerut/500,Solar ROI for 500 sq ft Roof in Meerut - Detailed Report,text/html; charset=utf-8,false,200,0,https://cost-smart-five.vercel.app/sitemap.xml,0,0,0,0,0,0,0,0
20,https://cost-smart-five.vercel.app/solar-roi/nashik/3000,Solar ROI for 3000 sq ft Roof in Nashik - Detailed Report,text/html; charset=utf-8,false,200,0,https://cost-smart-five.vercel.app/sitemap.xml,0,0,0,0,0,0,0,0
20,https://cost-smart-five.vercel.app/blog/ultimate-guide-in-hand-salary,Ultimate Guide to In-Hand Salary Calculation | CostSmart,text/html; charset=utf-8,false,200,0,https://cost-smart-five.vercel.app/sitemap.xml,0,0,0,0,0,0,0,0
20,https://cost-smart-five.vercel.app/solar-roi/varanasi/2000,Solar ROI for 2000 sq ft Roof in Varanasi - Detailed Report,text/html; charset=utf-8,false,200,0,https://cost-smart-five.vercel.app/sitemap.xml,0,0,0,0,0,0,0,0
20,https://cost-smart-five.vercel.app/solar-roi/patna/1500,Solar ROI for 1500 sq ft Roof in Patna - Detailed Report,text/html; charset=utf-8,false,200,0,https://cost-smart-five.vercel.app/sitemap.xml,0,0,0,0,0,0,0,0
20,https://cost-smart-five.vercel.app/solar-roi/mumbai/5000,Solar ROI for 5000 sq ft Roof in Mumbai - Detailed Report,text/html; charset=utf-8,false,200,0,https://cost-smart-five.vercel.app/sitemap.xml,0,0,0,0,0,0,0,0
